"","Var1","Freq","number_sharks","day","month","year","monthyear"
"1",2014-01-05,"14","2","05","01","2014","2014-01"
"2",2014-01-06,"0","0","06","01","2014","2014-01"
"3",2014-01-07,"0","0","07","01","2014","2014-01"
"4",2014-01-08,"0","0","08","01","2014","2014-01"
"5",2014-01-09,"0","0","09","01","2014","2014-01"
"6",2014-01-10,"0","0","10","01","2014","2014-01"
"7",2014-01-11,"0","0","11","01","2014","2014-01"
"8",2014-01-12,"0","0","12","01","2014","2014-01"
"9",2014-01-13,"0","0","13","01","2014","2014-01"
"10",2014-01-14,"0","0","14","01","2014","2014-01"
"11",2014-01-15,"0","0","15","01","2014","2014-01"
"12",2014-01-16,"0","0","16","01","2014","2014-01"
"13",2014-01-17,"9","5","17","01","2014","2014-01"
"14",2014-01-18,"0","0","18","01","2014","2014-01"
"15",2014-01-19,"0","0","19","01","2014","2014-01"
"16",2014-01-20,"0","0","20","01","2014","2014-01"
"17",2014-01-21,"0","0","21","01","2014","2014-01"
"18",2014-01-22,"0","0","22","01","2014","2014-01"
"19",2014-01-23,"0","0","23","01","2014","2014-01"
"20",2014-01-24,"0","0","24","01","2014","2014-01"
"21",2014-01-25,"21","2","25","01","2014","2014-01"
"22",2014-01-26,"6","1","26","01","2014","2014-01"
"23",2014-01-27,"0","0","27","01","2014","2014-01"
"24",2014-01-28,"0","0","28","01","2014","2014-01"
"25",2014-01-29,"0","0","29","01","2014","2014-01"
"26",2014-01-30,"0","0","30","01","2014","2014-01"
"27",2014-01-31,"0","0","31","01","2014","2014-01"
"28",2014-02-01,"0","0","01","02","2014","2014-02"
"29",2014-02-02,"0","0","02","02","2014","2014-02"
"30",2014-02-03,"0","0","03","02","2014","2014-02"
"31",2014-02-04,"9","3","04","02","2014","2014-02"
"32",2014-02-05,"0","0","05","02","2014","2014-02"
"33",2014-02-06,"0","0","06","02","2014","2014-02"
"34",2014-02-07,"0","0","07","02","2014","2014-02"
"35",2014-02-08,"0","0","08","02","2014","2014-02"
"36",2014-02-09,"0","0","09","02","2014","2014-02"
"37",2014-02-10,"0","0","10","02","2014","2014-02"
"38",2014-02-11,"1","1","11","02","2014","2014-02"
"39",2014-02-12,"0","0","12","02","2014","2014-02"
"40",2014-02-13,"0","0","13","02","2014","2014-02"
"41",2014-02-14,"0","0","14","02","2014","2014-02"
"42",2014-02-15,"0","0","15","02","2014","2014-02"
"43",2014-02-16,"0","0","16","02","2014","2014-02"
"44",2014-02-17,"0","0","17","02","2014","2014-02"
"45",2014-02-18,"0","0","18","02","2014","2014-02"
"46",2014-02-19,"0","0","19","02","2014","2014-02"
"47",2014-02-20,"0","0","20","02","2014","2014-02"
"48",2014-02-21,"2","2","21","02","2014","2014-02"
"49",2014-02-22,"0","0","22","02","2014","2014-02"
"50",2014-02-23,"0","0","23","02","2014","2014-02"
"51",2014-02-24,"0","0","24","02","2014","2014-02"
"52",2014-02-25,"0","0","25","02","2014","2014-02"
"53",2014-02-26,"0","0","26","02","2014","2014-02"
"54",2014-02-27,"0","0","27","02","2014","2014-02"
"55",2014-02-28,"0","0","28","02","2014","2014-02"
"56",2014-03-01,"2","2","01","03","2014","2014-03"
"57",2014-03-02,"17","5","02","03","2014","2014-03"
"58",2014-03-03,"7","4","03","03","2014","2014-03"
"59",2014-03-04,"0","0","04","03","2014","2014-03"
"60",2014-03-05,"0","0","05","03","2014","2014-03"
"61",2014-03-06,"0","0","06","03","2014","2014-03"
"62",2014-03-07,"0","0","07","03","2014","2014-03"
"63",2014-03-08,"0","0","08","03","2014","2014-03"
"64",2014-03-09,"0","0","09","03","2014","2014-03"
"65",2014-03-10,"0","0","10","03","2014","2014-03"
"66",2014-03-11,"3","1","11","03","2014","2014-03"
"67",2014-03-12,"0","0","12","03","2014","2014-03"
"68",2014-03-13,"0","0","13","03","2014","2014-03"
"69",2014-03-14,"0","0","14","03","2014","2014-03"
"70",2014-03-15,"0","0","15","03","2014","2014-03"
"71",2014-03-16,"0","0","16","03","2014","2014-03"
"72",2014-03-17,"0","0","17","03","2014","2014-03"
"73",2014-03-18,"0","0","18","03","2014","2014-03"
"74",2014-03-19,"0","0","19","03","2014","2014-03"
"75",2014-03-20,"0","0","20","03","2014","2014-03"
"76",2014-03-21,"0","0","21","03","2014","2014-03"
"77",2014-03-22,"0","0","22","03","2014","2014-03"
"78",2014-03-23,"0","0","23","03","2014","2014-03"
"79",2014-03-24,"0","0","24","03","2014","2014-03"
"80",2014-03-25,"0","0","25","03","2014","2014-03"
"81",2014-03-26,"5","4","26","03","2014","2014-03"
"82",2014-03-27,"21","4","27","03","2014","2014-03"
"83",2014-03-28,"14","4","28","03","2014","2014-03"
"84",2014-03-29,"8","4","29","03","2014","2014-03"
"85",2014-03-30,"0","0","30","03","2014","2014-03"
"86",2014-03-31,"3","3","31","03","2014","2014-03"
"87",2014-04-01,"14","5","01","04","2014","2014-04"
"88",2014-04-02,"19","6","02","04","2014","2014-04"
"89",2014-04-03,"7","3","03","04","2014","2014-04"
"90",2014-04-04,"3","2","04","04","2014","2014-04"
"91",2014-04-05,"2","2","05","04","2014","2014-04"
"92",2014-04-06,"2","1","06","04","2014","2014-04"
"93",2014-04-07,"0","0","07","04","2014","2014-04"
"94",2014-04-08,"0","0","08","04","2014","2014-04"
"95",2014-04-09,"0","0","09","04","2014","2014-04"
"96",2014-04-10,"0","0","10","04","2014","2014-04"
"97",2014-04-11,"0","0","11","04","2014","2014-04"
"98",2014-04-12,"0","0","12","04","2014","2014-04"
"99",2014-04-13,"0","0","13","04","2014","2014-04"
"100",2014-04-14,"0","0","14","04","2014","2014-04"
"101",2014-04-15,"0","0","15","04","2014","2014-04"
"102",2014-04-16,"0","0","16","04","2014","2014-04"
"103",2014-04-17,"0","0","17","04","2014","2014-04"
"104",2014-04-18,"5","3","18","04","2014","2014-04"
"105",2014-04-19,"0","0","19","04","2014","2014-04"
"106",2014-04-20,"0","0","20","04","2014","2014-04"
"107",2014-04-21,"0","0","21","04","2014","2014-04"
"108",2014-04-22,"0","0","22","04","2014","2014-04"
"109",2014-04-23,"0","0","23","04","2014","2014-04"
"110",2014-04-24,"9","3","24","04","2014","2014-04"
"111",2014-04-25,"7","5","25","04","2014","2014-04"
"112",2014-04-26,"0","0","26","04","2014","2014-04"
"113",2014-04-27,"0","0","27","04","2014","2014-04"
"114",2014-04-28,"0","0","28","04","2014","2014-04"
"115",2014-04-29,"0","0","29","04","2014","2014-04"
"116",2014-04-30,"0","0","30","04","2014","2014-04"
"117",2014-05-01,"0","0","01","05","2014","2014-05"
"118",2014-05-02,"0","0","02","05","2014","2014-05"
"119",2014-05-03,"7","2","03","05","2014","2014-05"
"120",2014-05-04,"5","4","04","05","2014","2014-05"
"121",2014-05-05,"0","0","05","05","2014","2014-05"
"122",2014-05-06,"0","0","06","05","2014","2014-05"
"123",2014-05-07,"0","0","07","05","2014","2014-05"
"124",2014-05-08,"0","0","08","05","2014","2014-05"
"125",2014-05-09,"6","3","09","05","2014","2014-05"
"126",2014-05-10,"5","3","10","05","2014","2014-05"
"127",2014-05-11,"0","0","11","05","2014","2014-05"
"128",2014-05-12,"0","0","12","05","2014","2014-05"
"129",2014-05-13,"0","0","13","05","2014","2014-05"
"130",2014-05-14,"0","0","14","05","2014","2014-05"
"131",2014-05-15,"0","0","15","05","2014","2014-05"
"132",2014-05-16,"3","3","16","05","2014","2014-05"
"133",2014-05-17,"8","7","17","05","2014","2014-05"
"134",2014-05-18,"13","4","18","05","2014","2014-05"
"135",2014-05-19,"4","4","19","05","2014","2014-05"
"136",2014-05-20,"0","0","20","05","2014","2014-05"
"137",2014-05-21,"0","0","21","05","2014","2014-05"
"138",2014-05-22,"0","0","22","05","2014","2014-05"
"139",2014-05-23,"0","0","23","05","2014","2014-05"
"140",2014-05-24,"3","3","24","05","2014","2014-05"
"141",2014-05-25,"0","0","25","05","2014","2014-05"
"142",2014-05-26,"0","0","26","05","2014","2014-05"
"143",2014-05-27,"0","0","27","05","2014","2014-05"
"144",2014-05-28,"0","0","28","05","2014","2014-05"
"145",2014-05-29,"0","0","29","05","2014","2014-05"
"146",2014-05-30,"0","0","30","05","2014","2014-05"
"147",2014-05-31,"11","6","31","05","2014","2014-05"
"148",2014-06-01,"6","4","01","06","2014","2014-06"
"149",2014-06-02,"2","1","02","06","2014","2014-06"
"150",2014-06-03,"0","0","03","06","2014","2014-06"
"151",2014-06-04,"1","1","04","06","2014","2014-06"
"152",2014-06-05,"2","2","05","06","2014","2014-06"
"153",2014-06-06,"9","3","06","06","2014","2014-06"
"154",2014-06-07,"0","0","07","06","2014","2014-06"
"155",2014-06-08,"0","0","08","06","2014","2014-06"
"156",2014-06-09,"0","0","09","06","2014","2014-06"
"157",2014-06-10,"5","3","10","06","2014","2014-06"
"158",2014-06-11,"7","4","11","06","2014","2014-06"
"159",2014-06-12,"0","0","12","06","2014","2014-06"
"160",2014-06-13,"0","0","13","06","2014","2014-06"
"161",2014-06-14,"0","0","14","06","2014","2014-06"
"162",2014-06-15,"0","0","15","06","2014","2014-06"
"163",2014-06-16,"0","0","16","06","2014","2014-06"
"164",2014-06-17,"0","0","17","06","2014","2014-06"
"165",2014-06-18,"0","0","18","06","2014","2014-06"
"166",2014-06-19,"0","0","19","06","2014","2014-06"
"167",2014-06-20,"0","0","20","06","2014","2014-06"
"168",2014-06-21,"0","0","21","06","2014","2014-06"
"169",2014-06-22,"0","0","22","06","2014","2014-06"
"170",2014-06-23,"3","1","23","06","2014","2014-06"
"171",2014-06-24,"0","0","24","06","2014","2014-06"
"172",2014-06-25,"0","0","25","06","2014","2014-06"
"173",2014-06-26,"0","0","26","06","2014","2014-06"
"174",2014-06-27,"0","0","27","06","2014","2014-06"
"175",2014-06-28,"0","0","28","06","2014","2014-06"
"176",2014-06-29,"0","0","29","06","2014","2014-06"
"177",2014-06-30,"0","0","30","06","2014","2014-06"
"178",2014-07-01,"0","0","01","07","2014","2014-07"
"179",2014-07-02,"0","0","02","07","2014","2014-07"
"180",2014-07-03,"0","0","03","07","2014","2014-07"
"181",2014-07-04,"1","1","04","07","2014","2014-07"
"182",2014-07-05,"7","4","05","07","2014","2014-07"
"183",2014-07-06,"2","2","06","07","2014","2014-07"
"184",2014-07-07,"3","3","07","07","2014","2014-07"
"185",2014-07-08,"0","0","08","07","2014","2014-07"
"186",2014-07-09,"0","0","09","07","2014","2014-07"
"187",2014-07-10,"0","0","10","07","2014","2014-07"
"188",2014-07-11,"0","0","11","07","2014","2014-07"
"189",2014-07-12,"0","0","12","07","2014","2014-07"
"190",2014-07-13,"0","0","13","07","2014","2014-07"
"191",2014-07-14,"0","0","14","07","2014","2014-07"
"192",2014-07-15,"0","0","15","07","2014","2014-07"
"193",2014-07-16,"0","0","16","07","2014","2014-07"
"194",2014-07-17,"0","0","17","07","2014","2014-07"
"195",2014-07-18,"7","4","18","07","2014","2014-07"
"196",2014-07-19,"7","6","19","07","2014","2014-07"
"197",2014-07-20,"3","1","20","07","2014","2014-07"
"198",2014-07-21,"0","0","21","07","2014","2014-07"
"199",2014-07-22,"0","0","22","07","2014","2014-07"
"200",2014-07-23,"0","0","23","07","2014","2014-07"
"201",2014-07-24,"0","0","24","07","2014","2014-07"
"202",2014-07-25,"0","0","25","07","2014","2014-07"
"203",2014-07-26,"0","0","26","07","2014","2014-07"
"204",2014-07-27,"0","0","27","07","2014","2014-07"
"205",2014-07-28,"0","0","28","07","2014","2014-07"
"206",2014-07-29,"0","0","29","07","2014","2014-07"
"207",2014-07-30,"0","0","30","07","2014","2014-07"
"208",2014-07-31,"0","0","31","07","2014","2014-07"
"209",2014-08-01,"0","0","01","08","2014","2014-08"
"210",2014-08-02,"6","3","02","08","2014","2014-08"
"211",2014-08-03,"4","2","03","08","2014","2014-08"
"212",2014-08-04,"1","1","04","08","2014","2014-08"
"213",2014-08-05,"0","0","05","08","2014","2014-08"
"214",2014-08-06,"0","0","06","08","2014","2014-08"
"215",2014-08-07,"0","0","07","08","2014","2014-08"
"216",2014-08-08,"0","0","08","08","2014","2014-08"
"217",2014-08-09,"0","0","09","08","2014","2014-08"
"218",2014-08-10,"0","0","10","08","2014","2014-08"
"219",2014-08-11,"0","0","11","08","2014","2014-08"
"220",2014-08-12,"0","0","12","08","2014","2014-08"
"221",2014-08-13,"0","0","13","08","2014","2014-08"
"222",2014-08-14,"5","3","14","08","2014","2014-08"
"223",2014-08-15,"7","3","15","08","2014","2014-08"
"224",2014-08-16,"7","5","16","08","2014","2014-08"
"225",2014-08-17,"1","1","17","08","2014","2014-08"
"226",2014-08-18,"0","0","18","08","2014","2014-08"
"227",2014-08-19,"0","0","19","08","2014","2014-08"
"228",2014-08-20,"0","0","20","08","2014","2014-08"
"229",2014-08-21,"0","0","21","08","2014","2014-08"
"230",2014-08-22,"0","0","22","08","2014","2014-08"
"231",2014-08-23,"0","0","23","08","2014","2014-08"
"232",2014-08-24,"2","2","24","08","2014","2014-08"
"233",2014-08-25,"0","0","25","08","2014","2014-08"
"234",2014-08-26,"0","0","26","08","2014","2014-08"
"235",2014-08-27,"0","0","27","08","2014","2014-08"
"236",2014-08-28,"0","0","28","08","2014","2014-08"
"237",2014-08-29,"0","0","29","08","2014","2014-08"
"238",2014-08-30,"0","0","30","08","2014","2014-08"
"239",2014-08-31,"0","0","31","08","2014","2014-08"
"240",2014-09-01,"0","0","01","09","2014","2014-09"
"241",2014-09-02,"12","6","02","09","2014","2014-09"
"242",2014-09-03,"2","2","03","09","2014","2014-09"
"243",2014-09-04,"1","1","04","09","2014","2014-09"
"244",2014-09-05,"0","0","05","09","2014","2014-09"
"245",2014-09-06,"0","0","06","09","2014","2014-09"
"246",2014-09-07,"2","1","07","09","2014","2014-09"
"247",2014-09-08,"5","4","08","09","2014","2014-09"
"248",2014-09-09,"0","0","09","09","2014","2014-09"
"249",2014-09-10,"0","0","10","09","2014","2014-09"
"250",2014-09-11,"0","0","11","09","2014","2014-09"
"251",2014-09-12,"3","2","12","09","2014","2014-09"
"252",2014-09-13,"2","1","13","09","2014","2014-09"
"253",2014-09-14,"9","5","14","09","2014","2014-09"
"254",2014-09-15,"7","4","15","09","2014","2014-09"
"255",2014-09-16,"0","0","16","09","2014","2014-09"
"256",2014-09-17,"0","0","17","09","2014","2014-09"
"257",2014-09-18,"0","0","18","09","2014","2014-09"
"258",2014-09-19,"0","0","19","09","2014","2014-09"
"259",2014-09-20,"4","4","20","09","2014","2014-09"
"260",2014-09-21,"0","0","21","09","2014","2014-09"
"261",2014-09-22,"0","0","22","09","2014","2014-09"
"262",2014-09-23,"0","0","23","09","2014","2014-09"
"263",2014-09-24,"0","0","24","09","2014","2014-09"
"264",2014-09-25,"0","0","25","09","2014","2014-09"
"265",2014-09-26,"0","0","26","09","2014","2014-09"
"266",2014-09-27,"0","0","27","09","2014","2014-09"
"267",2014-09-28,"5","4","28","09","2014","2014-09"
"268",2014-09-29,"0","0","29","09","2014","2014-09"
"269",2014-09-30,"0","0","30","09","2014","2014-09"
"270",2014-10-01,"4","3","01","10","2014","2014-10"
"271",2014-10-02,"0","0","02","10","2014","2014-10"
"272",2014-10-03,"0","0","03","10","2014","2014-10"
"273",2014-10-04,"0","0","04","10","2014","2014-10"
"274",2014-10-05,"0","0","05","10","2014","2014-10"
"275",2014-10-06,"0","0","06","10","2014","2014-10"
"276",2014-10-07,"0","0","07","10","2014","2014-10"
"277",2014-10-08,"0","0","08","10","2014","2014-10"
"278",2014-10-09,"0","0","09","10","2014","2014-10"
"279",2014-10-10,"0","0","10","10","2014","2014-10"
"280",2014-10-11,"0","0","11","10","2014","2014-10"
"281",2014-10-12,"0","0","12","10","2014","2014-10"
"282",2014-10-13,"0","0","13","10","2014","2014-10"
"283",2014-10-14,"0","0","14","10","2014","2014-10"
"284",2014-10-15,"0","0","15","10","2014","2014-10"
"285",2014-10-16,"0","0","16","10","2014","2014-10"
"286",2014-10-17,"8","4","17","10","2014","2014-10"
"287",2014-10-18,"11","6","18","10","2014","2014-10"
"288",2014-10-19,"3","3","19","10","2014","2014-10"
"289",2014-10-20,"0","0","20","10","2014","2014-10"
"290",2014-10-21,"0","0","21","10","2014","2014-10"
"291",2014-10-22,"0","0","22","10","2014","2014-10"
"292",2014-10-23,"0","0","23","10","2014","2014-10"
"293",2014-10-24,"0","0","24","10","2014","2014-10"
"294",2014-10-25,"0","0","25","10","2014","2014-10"
"295",2014-10-26,"9","3","26","10","2014","2014-10"
"296",2014-10-27,"0","0","27","10","2014","2014-10"
"297",2014-10-28,"0","0","28","10","2014","2014-10"
"298",2014-10-29,"0","0","29","10","2014","2014-10"
"299",2014-10-30,"0","0","30","10","2014","2014-10"
"300",2014-10-31,"0","0","31","10","2014","2014-10"
"301",2014-11-01,"0","0","01","11","2014","2014-11"
"302",2014-11-02,"0","0","02","11","2014","2014-11"
"303",2014-11-03,"0","0","03","11","2014","2014-11"
"304",2014-11-04,"0","0","04","11","2014","2014-11"
"305",2014-11-05,"0","0","05","11","2014","2014-11"
"306",2014-11-06,"0","0","06","11","2014","2014-11"
"307",2014-11-07,"0","0","07","11","2014","2014-11"
"308",2014-11-08,"0","0","08","11","2014","2014-11"
"309",2014-11-09,"14","3","09","11","2014","2014-11"
"310",2014-11-10,"0","0","10","11","2014","2014-11"
"311",2014-11-11,"0","0","11","11","2014","2014-11"
"312",2014-11-12,"0","0","12","11","2014","2014-11"
"313",2014-11-13,"0","0","13","11","2014","2014-11"
"314",2014-11-14,"2","2","14","11","2014","2014-11"
"315",2014-11-15,"0","0","15","11","2014","2014-11"
"316",2014-11-16,"2","2","16","11","2014","2014-11"
"317",2014-11-17,"0","0","17","11","2014","2014-11"
"318",2014-11-18,"0","0","18","11","2014","2014-11"
"319",2014-11-19,"0","0","19","11","2014","2014-11"
"320",2014-11-20,"0","0","20","11","2014","2014-11"
"321",2014-11-21,"0","0","21","11","2014","2014-11"
"322",2014-11-22,"0","0","22","11","2014","2014-11"
"323",2014-11-23,"0","0","23","11","2014","2014-11"
"324",2014-11-24,"17","6","24","11","2014","2014-11"
"325",2014-11-25,"24","8","25","11","2014","2014-11"
"326",2014-11-26,"8","3","26","11","2014","2014-11"
"327",2014-11-27,"0","0","27","11","2014","2014-11"
"328",2014-11-28,"0","0","28","11","2014","2014-11"
"329",2014-11-29,"0","0","29","11","2014","2014-11"
"330",2014-11-30,"0","0","30","11","2014","2014-11"
"331",2014-12-01,"0","0","01","12","2014","2014-12"
"332",2014-12-02,"0","0","02","12","2014","2014-12"
"333",2014-12-03,"0","0","03","12","2014","2014-12"
"334",2014-12-04,"0","0","04","12","2014","2014-12"
"335",2014-12-05,"0","0","05","12","2014","2014-12"
"336",2014-12-06,"0","0","06","12","2014","2014-12"
"337",2014-12-07,"0","0","07","12","2014","2014-12"
"338",2014-12-08,"0","0","08","12","2014","2014-12"
"339",2014-12-09,"0","0","09","12","2014","2014-12"
"340",2014-12-10,"0","0","10","12","2014","2014-12"
"341",2014-12-11,"0","0","11","12","2014","2014-12"
"342",2014-12-12,"0","0","12","12","2014","2014-12"
"343",2014-12-13,"0","0","13","12","2014","2014-12"
"344",2014-12-14,"0","0","14","12","2014","2014-12"
"345",2014-12-15,"0","0","15","12","2014","2014-12"
"346",2014-12-16,"0","0","16","12","2014","2014-12"
"347",2014-12-17,"0","0","17","12","2014","2014-12"
"348",2014-12-18,"0","0","18","12","2014","2014-12"
"349",2014-12-19,"0","0","19","12","2014","2014-12"
"350",2014-12-20,"0","0","20","12","2014","2014-12"
"351",2014-12-21,"0","0","21","12","2014","2014-12"
"352",2014-12-22,"1","1","22","12","2014","2014-12"
"353",2014-12-23,"0","0","23","12","2014","2014-12"
"354",2014-12-24,"0","0","24","12","2014","2014-12"
"355",2014-12-25,"0","0","25","12","2014","2014-12"
"356",2014-12-26,"0","0","26","12","2014","2014-12"
"357",2014-12-27,"0","0","27","12","2014","2014-12"
"358",2014-12-28,"1","1","28","12","2014","2014-12"
"359",2014-12-29,"0","0","29","12","2014","2014-12"
"360",2014-12-30,"0","0","30","12","2014","2014-12"
"361",2014-12-31,"0","0","31","12","2014","2014-12"
"362",2015-01-01,"0","0","01","01","2015","2015-01"
"363",2015-01-02,"5","1","02","01","2015","2015-01"
"364",2015-01-03,"0","0","03","01","2015","2015-01"
"365",2015-01-04,"0","0","04","01","2015","2015-01"
"366",2015-01-05,"0","0","05","01","2015","2015-01"
"367",2015-01-06,"0","0","06","01","2015","2015-01"
"368",2015-01-07,"0","0","07","01","2015","2015-01"
"369",2015-01-08,"0","0","08","01","2015","2015-01"
"370",2015-01-09,"0","0","09","01","2015","2015-01"
"371",2015-01-10,"0","0","10","01","2015","2015-01"
"372",2015-01-11,"0","0","11","01","2015","2015-01"
"373",2015-01-12,"0","0","12","01","2015","2015-01"
"374",2015-01-13,"0","0","13","01","2015","2015-01"
"375",2015-01-14,"0","0","14","01","2015","2015-01"
"376",2015-01-15,"3","2","15","01","2015","2015-01"
"377",2015-01-16,"4","2","16","01","2015","2015-01"
"378",2015-01-17,"0","0","17","01","2015","2015-01"
"379",2015-01-18,"0","0","18","01","2015","2015-01"
"380",2015-01-19,"0","0","19","01","2015","2015-01"
"381",2015-01-20,"0","0","20","01","2015","2015-01"
"382",2015-01-21,"0","0","21","01","2015","2015-01"
"383",2015-01-22,"0","0","22","01","2015","2015-01"
"384",2015-01-23,"0","0","23","01","2015","2015-01"
"385",2015-01-24,"0","0","24","01","2015","2015-01"
"386",2015-01-25,"0","0","25","01","2015","2015-01"
"387",2015-01-26,"0","0","26","01","2015","2015-01"
"388",2015-01-27,"0","0","27","01","2015","2015-01"
"389",2015-01-28,"0","0","28","01","2015","2015-01"
"390",2015-01-29,"0","0","29","01","2015","2015-01"
"391",2015-01-30,"0","0","30","01","2015","2015-01"
"392",2015-01-31,"4","2","31","01","2015","2015-01"
"393",2015-02-01,"2","1","01","02","2015","2015-02"
"394",2015-02-02,"0","0","02","02","2015","2015-02"
"395",2015-02-03,"0","0","03","02","2015","2015-02"
"396",2015-02-04,"0","0","04","02","2015","2015-02"
"397",2015-02-05,"0","0","05","02","2015","2015-02"
"398",2015-02-06,"1","1","06","02","2015","2015-02"
"399",2015-02-07,"0","0","07","02","2015","2015-02"
"400",2015-02-08,"0","0","08","02","2015","2015-02"
"401",2015-02-09,"0","0","09","02","2015","2015-02"
"402",2015-02-10,"0","0","10","02","2015","2015-02"
"403",2015-02-11,"0","0","11","02","2015","2015-02"
"404",2015-02-12,"0","0","12","02","2015","2015-02"
"405",2015-02-13,"0","0","13","02","2015","2015-02"
"406",2015-02-14,"0","0","14","02","2015","2015-02"
"407",2015-02-15,"2","1","15","02","2015","2015-02"
"408",2015-02-16,"0","0","16","02","2015","2015-02"
"409",2015-02-17,"1","1","17","02","2015","2015-02"
"410",2015-02-18,"2","1","18","02","2015","2015-02"
"411",2015-02-19,"0","0","19","02","2015","2015-02"
"412",2015-02-20,"3","1","20","02","2015","2015-02"
"413",2015-02-21,"1","1","21","02","2015","2015-02"
"414",2015-02-22,"0","0","22","02","2015","2015-02"
"415",2015-02-23,"0","0","23","02","2015","2015-02"
"416",2015-02-24,"0","0","24","02","2015","2015-02"
"417",2015-02-25,"0","0","25","02","2015","2015-02"
"418",2015-02-26,"0","0","26","02","2015","2015-02"
"419",2015-02-27,"0","0","27","02","2015","2015-02"
"420",2015-02-28,"0","0","28","02","2015","2015-02"
"421",2015-03-01,"0","0","01","03","2015","2015-03"
"422",2015-03-02,"0","0","02","03","2015","2015-03"
"423",2015-03-03,"0","0","03","03","2015","2015-03"
"424",2015-03-04,"0","0","04","03","2015","2015-03"
"425",2015-03-05,"0","0","05","03","2015","2015-03"
"426",2015-03-06,"0","0","06","03","2015","2015-03"
"427",2015-03-07,"0","0","07","03","2015","2015-03"
"428",2015-03-08,"0","0","08","03","2015","2015-03"
"429",2015-03-09,"0","0","09","03","2015","2015-03"
"430",2015-03-10,"0","0","10","03","2015","2015-03"
"431",2015-03-11,"2","1","11","03","2015","2015-03"
"432",2015-03-12,"3","1","12","03","2015","2015-03"
"433",2015-03-13,"0","0","13","03","2015","2015-03"
"434",2015-03-14,"0","0","14","03","2015","2015-03"
"435",2015-03-15,"0","0","15","03","2015","2015-03"
"436",2015-03-16,"0","0","16","03","2015","2015-03"
"437",2015-03-17,"0","0","17","03","2015","2015-03"
"438",2015-03-18,"0","0","18","03","2015","2015-03"
"439",2015-03-19,"0","0","19","03","2015","2015-03"
"440",2015-03-20,"0","0","20","03","2015","2015-03"
"441",2015-03-21,"0","0","21","03","2015","2015-03"
"442",2015-03-22,"0","0","22","03","2015","2015-03"
"443",2015-03-23,"0","0","23","03","2015","2015-03"
"444",2015-03-24,"3","2","24","03","2015","2015-03"
"445",2015-03-25,"9","2","25","03","2015","2015-03"
"446",2015-03-26,"2","1","26","03","2015","2015-03"
"447",2015-03-27,"2","2","27","03","2015","2015-03"
"448",2015-03-28,"4","3","28","03","2015","2015-03"
"449",2015-03-29,"1","1","29","03","2015","2015-03"
"450",2015-03-30,"3","2","30","03","2015","2015-03"
"451",2015-03-31,"1","1","31","03","2015","2015-03"
"452",2015-04-01,"1","1","01","04","2015","2015-04"
"453",2015-04-02,"3","3","02","04","2015","2015-04"
"454",2015-04-03,"0","0","03","04","2015","2015-04"
"455",2015-04-04,"0","0","04","04","2015","2015-04"
"456",2015-04-05,"0","0","05","04","2015","2015-04"
"457",2015-04-06,"0","0","06","04","2015","2015-04"
"458",2015-04-07,"0","0","07","04","2015","2015-04"
"459",2015-04-08,"0","0","08","04","2015","2015-04"
"460",2015-04-09,"0","0","09","04","2015","2015-04"
"461",2015-04-10,"0","0","10","04","2015","2015-04"
"462",2015-04-11,"0","0","11","04","2015","2015-04"
"463",2015-04-12,"0","0","12","04","2015","2015-04"
"464",2015-04-13,"0","0","13","04","2015","2015-04"
"465",2015-04-14,"0","0","14","04","2015","2015-04"
"466",2015-04-15,"0","0","15","04","2015","2015-04"
"467",2015-04-16,"0","0","16","04","2015","2015-04"
"468",2015-04-17,"0","0","17","04","2015","2015-04"
"469",2015-04-18,"11","4","18","04","2015","2015-04"
"470",2015-04-19,"1","1","19","04","2015","2015-04"
"471",2015-04-20,"0","0","20","04","2015","2015-04"
"472",2015-04-21,"0","0","21","04","2015","2015-04"
"473",2015-04-22,"0","0","22","04","2015","2015-04"
"474",2015-04-23,"0","0","23","04","2015","2015-04"
"475",2015-04-24,"0","0","24","04","2015","2015-04"
"476",2015-04-25,"0","0","25","04","2015","2015-04"
"477",2015-04-26,"0","0","26","04","2015","2015-04"
"478",2015-04-27,"0","0","27","04","2015","2015-04"
"479",2015-04-28,"0","0","28","04","2015","2015-04"
"480",2015-04-29,"0","0","29","04","2015","2015-04"
"481",2015-04-30,"0","0","30","04","2015","2015-04"
"482",2015-05-01,"0","0","01","05","2015","2015-05"
"483",2015-05-02,"5","3","02","05","2015","2015-05"
"484",2015-05-03,"1","1","03","05","2015","2015-05"
"485",2015-05-04,"0","0","04","05","2015","2015-05"
"486",2015-05-05,"1","1","05","05","2015","2015-05"
"487",2015-05-06,"0","0","06","05","2015","2015-05"
"488",2015-05-07,"0","0","07","05","2015","2015-05"
"489",2015-05-08,"0","0","08","05","2015","2015-05"
"490",2015-05-09,"0","0","09","05","2015","2015-05"
"491",2015-05-10,"0","0","10","05","2015","2015-05"
"492",2015-05-11,"1","1","11","05","2015","2015-05"
"493",2015-05-12,"0","0","12","05","2015","2015-05"
"494",2015-05-13,"0","0","13","05","2015","2015-05"
"495",2015-05-14,"0","0","14","05","2015","2015-05"
"496",2015-05-15,"6","3","15","05","2015","2015-05"
"497",2015-05-16,"4","2","16","05","2015","2015-05"
"498",2015-05-17,"2","1","17","05","2015","2015-05"
"499",2015-05-18,"0","0","18","05","2015","2015-05"
"500",2015-05-19,"0","0","19","05","2015","2015-05"
"501",2015-05-20,"0","0","20","05","2015","2015-05"
"502",2015-05-21,"0","0","21","05","2015","2015-05"
"503",2015-05-22,"0","0","22","05","2015","2015-05"
"504",2015-05-23,"3","1","23","05","2015","2015-05"
"505",2015-05-24,"2","2","24","05","2015","2015-05"
"506",2015-05-25,"0","0","25","05","2015","2015-05"
"507",2015-05-26,"0","0","26","05","2015","2015-05"
"508",2015-05-27,"0","0","27","05","2015","2015-05"
"509",2015-05-28,"0","0","28","05","2015","2015-05"
"510",2015-05-29,"0","0","29","05","2015","2015-05"
"511",2015-05-30,"0","0","30","05","2015","2015-05"
"512",2015-05-31,"0","0","31","05","2015","2015-05"
"513",2015-06-01,"0","0","01","06","2015","2015-06"
"514",2015-06-02,"0","0","02","06","2015","2015-06"
"515",2015-06-03,"0","0","03","06","2015","2015-06"
"516",2015-06-04,"0","0","04","06","2015","2015-06"
"517",2015-06-05,"0","0","05","06","2015","2015-06"
"518",2015-06-06,"0","0","06","06","2015","2015-06"
"519",2015-06-07,"0","0","07","06","2015","2015-06"
"520",2015-06-08,"0","0","08","06","2015","2015-06"
"521",2015-06-09,"0","0","09","06","2015","2015-06"
"522",2015-06-10,"0","0","10","06","2015","2015-06"
"523",2015-06-11,"0","0","11","06","2015","2015-06"
"524",2015-06-12,"0","0","12","06","2015","2015-06"
"525",2015-06-13,"0","0","13","06","2015","2015-06"
"526",2015-06-14,"0","0","14","06","2015","2015-06"
"527",2015-06-15,"0","0","15","06","2015","2015-06"
"528",2015-06-16,"0","0","16","06","2015","2015-06"
"529",2015-06-17,"0","0","17","06","2015","2015-06"
"530",2015-06-18,"0","0","18","06","2015","2015-06"
"531",2015-06-19,"0","0","19","06","2015","2015-06"
"532",2015-06-20,"0","0","20","06","2015","2015-06"
"533",2015-06-21,"0","0","21","06","2015","2015-06"
"534",2015-06-22,"0","0","22","06","2015","2015-06"
"535",2015-06-23,"0","0","23","06","2015","2015-06"
"536",2015-06-24,"0","0","24","06","2015","2015-06"
"537",2015-06-25,"0","0","25","06","2015","2015-06"
"538",2015-06-26,"3","2","26","06","2015","2015-06"
"539",2015-06-27,"0","0","27","06","2015","2015-06"
"540",2015-06-28,"0","0","28","06","2015","2015-06"
"541",2015-06-29,"0","0","29","06","2015","2015-06"
"542",2015-06-30,"0","0","30","06","2015","2015-06"
"543",2015-07-01,"4","2","01","07","2015","2015-07"
"544",2015-07-02,"0","0","02","07","2015","2015-07"
"545",2015-07-03,"0","0","03","07","2015","2015-07"
"546",2015-07-04,"0","0","04","07","2015","2015-07"
"547",2015-07-05,"5","4","05","07","2015","2015-07"
"548",2015-07-06,"0","0","06","07","2015","2015-07"
"549",2015-07-07,"0","0","07","07","2015","2015-07"
"550",2015-07-08,"0","0","08","07","2015","2015-07"
"551",2015-07-09,"0","0","09","07","2015","2015-07"
"552",2015-07-10,"0","0","10","07","2015","2015-07"
"553",2015-07-11,"5","2","11","07","2015","2015-07"
"554",2015-07-12,"5","2","12","07","2015","2015-07"
"555",2015-07-13,"0","0","13","07","2015","2015-07"
"556",2015-07-14,"0","0","14","07","2015","2015-07"
"557",2015-07-15,"0","0","15","07","2015","2015-07"
"558",2015-07-16,"0","0","16","07","2015","2015-07"
"559",2015-07-17,"0","0","17","07","2015","2015-07"
"560",2015-07-18,"0","0","18","07","2015","2015-07"
"561",2015-07-19,"0","0","19","07","2015","2015-07"
"562",2015-07-20,"0","0","20","07","2015","2015-07"
"563",2015-07-21,"0","0","21","07","2015","2015-07"
"564",2015-07-22,"0","0","22","07","2015","2015-07"
"565",2015-07-23,"0","0","23","07","2015","2015-07"
"566",2015-07-24,"0","0","24","07","2015","2015-07"
"567",2015-07-25,"3","2","25","07","2015","2015-07"
"568",2015-07-26,"0","0","26","07","2015","2015-07"
"569",2015-07-27,"0","0","27","07","2015","2015-07"
"570",2015-07-28,"0","0","28","07","2015","2015-07"
"571",2015-07-29,"0","0","29","07","2015","2015-07"
"572",2015-07-30,"5","2","30","07","2015","2015-07"
"573",2015-07-31,"11","5","31","07","2015","2015-07"
"574",2015-08-01,"10","3","01","08","2015","2015-08"
"575",2015-08-02,"0","0","02","08","2015","2015-08"
"576",2015-08-03,"0","0","03","08","2015","2015-08"
"577",2015-08-04,"0","0","04","08","2015","2015-08"
"578",2015-08-05,"0","0","05","08","2015","2015-08"
"579",2015-08-06,"0","0","06","08","2015","2015-08"
"580",2015-08-07,"0","0","07","08","2015","2015-08"
"581",2015-08-08,"0","0","08","08","2015","2015-08"
"582",2015-08-09,"8","5","09","08","2015","2015-08"
"583",2015-08-10,"4","3","10","08","2015","2015-08"
"584",2015-08-11,"3","3","11","08","2015","2015-08"
"585",2015-08-12,"0","0","12","08","2015","2015-08"
"586",2015-08-13,"0","0","13","08","2015","2015-08"
"587",2015-08-14,"0","0","14","08","2015","2015-08"
"588",2015-08-15,"0","0","15","08","2015","2015-08"
"589",2015-08-16,"0","0","16","08","2015","2015-08"
"590",2015-08-17,"0","0","17","08","2015","2015-08"
"591",2015-08-18,"12","3","18","08","2015","2015-08"
"592",2015-08-19,"0","0","19","08","2015","2015-08"
"593",2015-08-20,"0","0","20","08","2015","2015-08"
"594",2015-08-21,"0","0","21","08","2015","2015-08"
"595",2015-08-22,"6","4","22","08","2015","2015-08"
"596",2015-08-23,"5","3","23","08","2015","2015-08"
"597",2015-08-24,"0","0","24","08","2015","2015-08"
"598",2015-08-25,"0","0","25","08","2015","2015-08"
"599",2015-08-26,"0","0","26","08","2015","2015-08"
"600",2015-08-27,"0","0","27","08","2015","2015-08"
"601",2015-08-28,"0","0","28","08","2015","2015-08"
"602",2015-08-29,"11","8","29","08","2015","2015-08"
"603",2015-08-30,"3","3","30","08","2015","2015-08"
"604",2015-08-31,"0","0","31","08","2015","2015-08"
"605",2015-09-01,"0","0","01","09","2015","2015-09"
"606",2015-09-02,"0","0","02","09","2015","2015-09"
"607",2015-09-03,"0","0","03","09","2015","2015-09"
"608",2015-09-04,"0","0","04","09","2015","2015-09"
"609",2015-09-05,"0","0","05","09","2015","2015-09"
"610",2015-09-06,"0","0","06","09","2015","2015-09"
"611",2015-09-07,"0","0","07","09","2015","2015-09"
"612",2015-09-08,"0","0","08","09","2015","2015-09"
"613",2015-09-09,"0","0","09","09","2015","2015-09"
"614",2015-09-10,"11","6","10","09","2015","2015-09"
"615",2015-09-11,"9","5","11","09","2015","2015-09"
"616",2015-09-12,"15","5","12","09","2015","2015-09"
"617",2015-09-13,"1","1","13","09","2015","2015-09"
"618",2015-09-14,"0","0","14","09","2015","2015-09"
"619",2015-09-15,"0","0","15","09","2015","2015-09"
"620",2015-09-16,"0","0","16","09","2015","2015-09"
"621",2015-09-17,"0","0","17","09","2015","2015-09"
"622",2015-09-18,"0","0","18","09","2015","2015-09"
"623",2015-09-19,"0","0","19","09","2015","2015-09"
"624",2015-09-20,"0","0","20","09","2015","2015-09"
"625",2015-09-21,"0","0","21","09","2015","2015-09"
"626",2015-09-22,"0","0","22","09","2015","2015-09"
"627",2015-09-23,"0","0","23","09","2015","2015-09"
"628",2015-09-24,"0","0","24","09","2015","2015-09"
"629",2015-09-25,"0","0","25","09","2015","2015-09"
"630",2015-09-26,"0","0","26","09","2015","2015-09"
"631",2015-09-27,"0","0","27","09","2015","2015-09"
"632",2015-09-28,"0","0","28","09","2015","2015-09"
"633",2015-09-29,"0","0","29","09","2015","2015-09"
"634",2015-09-30,"0","0","30","09","2015","2015-09"
"635",2015-10-01,"0","0","01","10","2015","2015-10"
"636",2015-10-02,"0","0","02","10","2015","2015-10"
"637",2015-10-03,"0","0","03","10","2015","2015-10"
"638",2015-10-04,"0","0","04","10","2015","2015-10"
"639",2015-10-05,"0","0","05","10","2015","2015-10"
"640",2015-10-06,"0","0","06","10","2015","2015-10"
"641",2015-10-07,"0","0","07","10","2015","2015-10"
"642",2015-10-08,"0","0","08","10","2015","2015-10"
"643",2015-10-09,"3","3","09","10","2015","2015-10"
"644",2015-10-10,"0","0","10","10","2015","2015-10"
"645",2015-10-11,"0","0","11","10","2015","2015-10"
"646",2015-10-12,"8","3","12","10","2015","2015-10"
"647",2015-10-13,"3","2","13","10","2015","2015-10"
"648",2015-10-14,"0","0","14","10","2015","2015-10"
"649",2015-10-15,"0","0","15","10","2015","2015-10"
"650",2015-10-16,"0","0","16","10","2015","2015-10"
"651",2015-10-17,"0","0","17","10","2015","2015-10"
"652",2015-10-18,"0","0","18","10","2015","2015-10"
"653",2015-10-19,"0","0","19","10","2015","2015-10"
"654",2015-10-20,"0","0","20","10","2015","2015-10"
"655",2015-10-21,"4","2","21","10","2015","2015-10"
"656",2015-10-22,"1","1","22","10","2015","2015-10"
"657",2015-10-23,"0","0","23","10","2015","2015-10"
"658",2015-10-24,"0","0","24","10","2015","2015-10"
"659",2015-10-25,"0","0","25","10","2015","2015-10"
"660",2015-10-26,"0","0","26","10","2015","2015-10"
"661",2015-10-27,"0","0","27","10","2015","2015-10"
"662",2015-10-28,"0","0","28","10","2015","2015-10"
"663",2015-10-29,"0","0","29","10","2015","2015-10"
"664",2015-10-30,"0","0","30","10","2015","2015-10"
"665",2015-10-31,"13","6","31","10","2015","2015-10"
"666",2015-11-01,"10","2","01","11","2015","2015-11"
"667",2015-11-02,"0","0","02","11","2015","2015-11"
"668",2015-11-03,"0","0","03","11","2015","2015-11"
"669",2015-11-04,"0","0","04","11","2015","2015-11"
"670",2015-11-05,"0","0","05","11","2015","2015-11"
"671",2015-11-06,"0","0","06","11","2015","2015-11"
"672",2015-11-07,"0","0","07","11","2015","2015-11"
"673",2015-11-08,"0","0","08","11","2015","2015-11"
"674",2015-11-09,"0","0","09","11","2015","2015-11"
"675",2015-11-10,"0","0","10","11","2015","2015-11"
"676",2015-11-11,"0","0","11","11","2015","2015-11"
"677",2015-11-12,"0","0","12","11","2015","2015-11"
"678",2015-11-13,"0","0","13","11","2015","2015-11"
"679",2015-11-14,"0","0","14","11","2015","2015-11"
"680",2015-11-15,"0","0","15","11","2015","2015-11"
"681",2015-11-16,"2","2","16","11","2015","2015-11"
"682",2015-11-17,"0","0","17","11","2015","2015-11"
"683",2015-11-18,"0","0","18","11","2015","2015-11"
"684",2015-11-19,"0","0","19","11","2015","2015-11"
"685",2015-11-20,"0","0","20","11","2015","2015-11"
"686",2015-11-21,"0","0","21","11","2015","2015-11"
"687",2015-11-22,"31","6","22","11","2015","2015-11"
"688",2015-11-23,"9","5","23","11","2015","2015-11"
"689",2015-11-24,"0","0","24","11","2015","2015-11"
"690",2015-11-25,"0","0","25","11","2015","2015-11"
"691",2015-11-26,"0","0","26","11","2015","2015-11"
"692",2015-11-27,"10","4","27","11","2015","2015-11"
"693",2015-11-28,"17","2","28","11","2015","2015-11"
"694",2015-11-29,"11","2","29","11","2015","2015-11"
"695",2015-11-30,"20","5","30","11","2015","2015-11"
"696",2015-12-01,"0","0","01","12","2015","2015-12"
"697",2015-12-02,"0","0","02","12","2015","2015-12"
"698",2015-12-03,"0","0","03","12","2015","2015-12"
"699",2015-12-04,"0","0","04","12","2015","2015-12"
"700",2015-12-05,"0","0","05","12","2015","2015-12"
"701",2015-12-06,"9","5","06","12","2015","2015-12"
"702",2015-12-07,"5","3","07","12","2015","2015-12"
"703",2015-12-08,"0","0","08","12","2015","2015-12"
"704",2015-12-09,"0","0","09","12","2015","2015-12"
"705",2015-12-10,"0","0","10","12","2015","2015-12"
"706",2015-12-11,"0","0","11","12","2015","2015-12"
"707",2015-12-12,"18","5","12","12","2015","2015-12"
"708",2015-12-13,"13","5","13","12","2015","2015-12"
"709",2015-12-14,"0","0","14","12","2015","2015-12"
"710",2015-12-15,"0","0","15","12","2015","2015-12"
"711",2015-12-16,"0","0","16","12","2015","2015-12"
"712",2015-12-17,"0","0","17","12","2015","2015-12"
"713",2015-12-18,"0","0","18","12","2015","2015-12"
"714",2015-12-19,"0","0","19","12","2015","2015-12"
"715",2015-12-20,"0","0","20","12","2015","2015-12"
"716",2015-12-21,"0","0","21","12","2015","2015-12"
"717",2015-12-22,"0","0","22","12","2015","2015-12"
"718",2015-12-23,"0","0","23","12","2015","2015-12"
"719",2015-12-24,"0","0","24","12","2015","2015-12"
"720",2015-12-25,"0","0","25","12","2015","2015-12"
"721",2015-12-26,"0","0","26","12","2015","2015-12"
"722",2015-12-27,"0","0","27","12","2015","2015-12"
"723",2015-12-28,"10","7","28","12","2015","2015-12"
"724",2015-12-29,"21","5","29","12","2015","2015-12"
"725",2015-12-30,"9","5","30","12","2015","2015-12"
"726",2015-12-31,"0","0","31","12","2015","2015-12"
"727",2016-01-01,"0","0","01","01","2016","2016-01"
"728",2016-01-02,"0","0","02","01","2016","2016-01"
"729",2016-01-03,"0","0","03","01","2016","2016-01"
"730",2016-01-04,"0","0","04","01","2016","2016-01"
"731",2016-01-05,"0","0","05","01","2016","2016-01"
"732",2016-01-06,"5","3","06","01","2016","2016-01"
"733",2016-01-07,"11","3","07","01","2016","2016-01"
"734",2016-01-08,"3","2","08","01","2016","2016-01"
"735",2016-01-09,"0","0","09","01","2016","2016-01"
"736",2016-01-10,"0","0","10","01","2016","2016-01"
"737",2016-01-11,"0","0","11","01","2016","2016-01"
"738",2016-01-12,"0","0","12","01","2016","2016-01"
"739",2016-01-13,"0","0","13","01","2016","2016-01"
"740",2016-01-14,"0","0","14","01","2016","2016-01"
"741",2016-01-15,"17","4","15","01","2016","2016-01"
"742",2016-01-16,"3","1","16","01","2016","2016-01"
"743",2016-01-17,"0","0","17","01","2016","2016-01"
"744",2016-01-18,"0","0","18","01","2016","2016-01"
"745",2016-01-19,"0","0","19","01","2016","2016-01"
"746",2016-01-20,"0","0","20","01","2016","2016-01"
"747",2016-01-21,"0","0","21","01","2016","2016-01"
"748",2016-01-22,"1","1","22","01","2016","2016-01"
"749",2016-01-23,"0","0","23","01","2016","2016-01"
"750",2016-01-24,"0","0","24","01","2016","2016-01"
"751",2016-01-25,"0","0","25","01","2016","2016-01"
"752",2016-01-26,"0","0","26","01","2016","2016-01"
"753",2016-01-27,"0","0","27","01","2016","2016-01"
"754",2016-01-28,"0","0","28","01","2016","2016-01"
"755",2016-01-29,"0","0","29","01","2016","2016-01"
"756",2016-01-30,"1","1","30","01","2016","2016-01"
"757",2016-01-31,"3","2","31","01","2016","2016-01"
"758",2016-02-01,"0","0","01","02","2016","2016-02"
"759",2016-02-02,"0","0","02","02","2016","2016-02"
"760",2016-02-03,"0","0","03","02","2016","2016-02"
"761",2016-02-04,"0","0","04","02","2016","2016-02"
"762",2016-02-05,"0","0","05","02","2016","2016-02"
"763",2016-02-06,"0","0","06","02","2016","2016-02"
"764",2016-02-07,"0","0","07","02","2016","2016-02"
"765",2016-02-08,"0","0","08","02","2016","2016-02"
"766",2016-02-09,"7","3","09","02","2016","2016-02"
"767",2016-02-10,"6","5","10","02","2016","2016-02"
"768",2016-02-11,"0","0","11","02","2016","2016-02"
"769",2016-02-12,"0","0","12","02","2016","2016-02"
"770",2016-02-13,"0","0","13","02","2016","2016-02"
"771",2016-02-14,"0","0","14","02","2016","2016-02"
"772",2016-02-15,"0","0","15","02","2016","2016-02"
"773",2016-02-16,"0","0","16","02","2016","2016-02"
"774",2016-02-17,"0","0","17","02","2016","2016-02"
"775",2016-02-18,"0","0","18","02","2016","2016-02"
"776",2016-02-19,"0","0","19","02","2016","2016-02"
"777",2016-02-20,"0","0","20","02","2016","2016-02"
"778",2016-02-21,"0","0","21","02","2016","2016-02"
"779",2016-02-22,"0","0","22","02","2016","2016-02"
"780",2016-02-23,"0","0","23","02","2016","2016-02"
"781",2016-02-24,"0","0","24","02","2016","2016-02"
"782",2016-02-25,"0","0","25","02","2016","2016-02"
"783",2016-02-26,"0","0","26","02","2016","2016-02"
"784",2016-02-27,"0","0","27","02","2016","2016-02"
"785",2016-02-28,"2","1","28","02","2016","2016-02"
"786",2016-02-29,"0","0","29","02","2016","2016-02"
"787",2016-03-01,"0","0","01","03","2016","2016-03"
"788",2016-03-02,"0","0","02","03","2016","2016-03"
"789",2016-03-03,"0","0","03","03","2016","2016-03"
"790",2016-03-04,"0","0","04","03","2016","2016-03"
"791",2016-03-05,"0","0","05","03","2016","2016-03"
"792",2016-03-06,"6","5","06","03","2016","2016-03"
"793",2016-03-07,"4","3","07","03","2016","2016-03"
"794",2016-03-08,"0","0","08","03","2016","2016-03"
"795",2016-03-09,"0","0","09","03","2016","2016-03"
"796",2016-03-10,"0","0","10","03","2016","2016-03"
"797",2016-03-11,"0","0","11","03","2016","2016-03"
"798",2016-03-12,"0","0","12","03","2016","2016-03"
"799",2016-03-13,"1","1","13","03","2016","2016-03"
"800",2016-03-14,"0","0","14","03","2016","2016-03"
"801",2016-03-15,"0","0","15","03","2016","2016-03"
"802",2016-03-16,"0","0","16","03","2016","2016-03"
"803",2016-03-17,"0","0","17","03","2016","2016-03"
"804",2016-03-18,"9","4","18","03","2016","2016-03"
"805",2016-03-19,"0","0","19","03","2016","2016-03"
"806",2016-03-20,"0","0","20","03","2016","2016-03"
"807",2016-03-21,"0","0","21","03","2016","2016-03"
"808",2016-03-22,"0","0","22","03","2016","2016-03"
"809",2016-03-23,"4","4","23","03","2016","2016-03"
"810",2016-03-24,"6","2","24","03","2016","2016-03"
"811",2016-03-25,"0","0","25","03","2016","2016-03"
"812",2016-03-26,"14","4","26","03","2016","2016-03"
"813",2016-03-27,"1","1","27","03","2016","2016-03"
"814",2016-03-28,"0","0","28","03","2016","2016-03"
"815",2016-03-29,"0","0","29","03","2016","2016-03"
"816",2016-03-30,"0","0","30","03","2016","2016-03"
"817",2016-03-31,"0","0","31","03","2016","2016-03"
"818",2016-04-01,"0","0","01","04","2016","2016-04"
"819",2016-04-02,"0","0","02","04","2016","2016-04"
"820",2016-04-03,"0","0","03","04","2016","2016-04"
"821",2016-04-04,"0","0","04","04","2016","2016-04"
"822",2016-04-05,"9","7","05","04","2016","2016-04"
"823",2016-04-06,"13","7","06","04","2016","2016-04"
"824",2016-04-07,"0","0","07","04","2016","2016-04"
"825",2016-04-08,"0","0","08","04","2016","2016-04"
"826",2016-04-09,"4","1","09","04","2016","2016-04"
"827",2016-04-10,"4","1","10","04","2016","2016-04"
"828",2016-04-11,"0","0","11","04","2016","2016-04"
"829",2016-04-12,"0","0","12","04","2016","2016-04"
"830",2016-04-13,"0","0","13","04","2016","2016-04"
"831",2016-04-14,"0","0","14","04","2016","2016-04"
"832",2016-04-15,"0","0","15","04","2016","2016-04"
"833",2016-04-16,"6","4","16","04","2016","2016-04"
"834",2016-04-17,"3","2","17","04","2016","2016-04"
"835",2016-04-18,"0","0","18","04","2016","2016-04"
"836",2016-04-19,"0","0","19","04","2016","2016-04"
"837",2016-04-20,"2","2","20","04","2016","2016-04"
"838",2016-04-21,"4","3","21","04","2016","2016-04"
"839",2016-04-22,"0","0","22","04","2016","2016-04"
"840",2016-04-23,"0","0","23","04","2016","2016-04"
"841",2016-04-24,"0","0","24","04","2016","2016-04"
"842",2016-04-25,"0","0","25","04","2016","2016-04"
"843",2016-04-26,"0","0","26","04","2016","2016-04"
"844",2016-04-27,"0","0","27","04","2016","2016-04"
"845",2016-04-28,"0","0","28","04","2016","2016-04"
"846",2016-04-29,"0","0","29","04","2016","2016-04"
"847",2016-04-30,"17","8","30","04","2016","2016-04"
"848",2016-05-01,"7","5","01","05","2016","2016-05"
"849",2016-05-02,"0","0","02","05","2016","2016-05"
"850",2016-05-03,"0","0","03","05","2016","2016-05"
"851",2016-05-04,"0","0","04","05","2016","2016-05"
"852",2016-05-05,"0","0","05","05","2016","2016-05"
"853",2016-05-06,"0","0","06","05","2016","2016-05"
"854",2016-05-07,"0","0","07","05","2016","2016-05"
"855",2016-05-08,"1","1","08","05","2016","2016-05"
"856",2016-05-09,"0","0","09","05","2016","2016-05"
"857",2016-05-10,"0","0","10","05","2016","2016-05"
"858",2016-05-11,"0","0","11","05","2016","2016-05"
"859",2016-05-12,"0","0","12","05","2016","2016-05"
"860",2016-05-13,"7","6","13","05","2016","2016-05"
"861",2016-05-14,"8","5","14","05","2016","2016-05"
"862",2016-05-15,"0","0","15","05","2016","2016-05"
"863",2016-05-16,"0","0","16","05","2016","2016-05"
"864",2016-05-17,"0","0","17","05","2016","2016-05"
"865",2016-05-18,"0","0","18","05","2016","2016-05"
"866",2016-05-19,"0","0","19","05","2016","2016-05"
"867",2016-05-20,"0","0","20","05","2016","2016-05"
"868",2016-05-21,"2","2","21","05","2016","2016-05"
"869",2016-05-22,"2","2","22","05","2016","2016-05"
"870",2016-05-23,"0","0","23","05","2016","2016-05"
"871",2016-05-24,"0","0","24","05","2016","2016-05"
"872",2016-05-25,"0","0","25","05","2016","2016-05"
"873",2016-05-26,"0","0","26","05","2016","2016-05"
"874",2016-05-27,"0","0","27","05","2016","2016-05"
"875",2016-05-28,"0","0","28","05","2016","2016-05"
"876",2016-05-29,"0","0","29","05","2016","2016-05"
"877",2016-05-30,"0","0","30","05","2016","2016-05"
"878",2016-05-31,"0","0","31","05","2016","2016-05"
"879",2016-06-01,"0","0","01","06","2016","2016-06"
"880",2016-06-02,"0","0","02","06","2016","2016-06"
"881",2016-06-03,"0","0","03","06","2016","2016-06"
"882",2016-06-04,"0","0","04","06","2016","2016-06"
"883",2016-06-05,"0","0","05","06","2016","2016-06"
"884",2016-06-06,"0","0","06","06","2016","2016-06"
"885",2016-06-07,"0","0","07","06","2016","2016-06"
"886",2016-06-08,"0","0","08","06","2016","2016-06"
"887",2016-06-09,"0","0","09","06","2016","2016-06"
"888",2016-06-10,"0","0","10","06","2016","2016-06"
"889",2016-06-11,"0","0","11","06","2016","2016-06"
"890",2016-06-12,"0","0","12","06","2016","2016-06"
"891",2016-06-13,"0","0","13","06","2016","2016-06"
"892",2016-06-14,"0","0","14","06","2016","2016-06"
"893",2016-06-15,"0","0","15","06","2016","2016-06"
"894",2016-06-16,"0","0","16","06","2016","2016-06"
"895",2016-06-17,"0","0","17","06","2016","2016-06"
"896",2016-06-18,"0","0","18","06","2016","2016-06"
"897",2016-06-19,"0","0","19","06","2016","2016-06"
"898",2016-06-20,"0","0","20","06","2016","2016-06"
"899",2016-06-21,"0","0","21","06","2016","2016-06"
"900",2016-06-22,"0","0","22","06","2016","2016-06"
"901",2016-06-23,"0","0","23","06","2016","2016-06"
"902",2016-06-24,"0","0","24","06","2016","2016-06"
"903",2016-06-25,"0","0","25","06","2016","2016-06"
"904",2016-06-26,"0","0","26","06","2016","2016-06"
"905",2016-06-27,"0","0","27","06","2016","2016-06"
"906",2017-06-04,"0","0","04","06","2017","2017-06"
"907",2017-06-05,"4","4","05","06","2017","2017-06"
"908",2017-06-06,"0","0","06","06","2017","2017-06"
"909",2017-06-07,"0","0","07","06","2017","2017-06"
"910",2017-06-08,"2","2","08","06","2017","2017-06"
"911",2017-06-09,"0","0","09","06","2017","2017-06"
"912",2017-06-10,"0","0","10","06","2017","2017-06"
"913",2017-06-11,"0","0","11","06","2017","2017-06"
"914",2017-06-12,"0","0","12","06","2017","2017-06"
"915",2017-06-13,"0","0","13","06","2017","2017-06"
"916",2017-06-14,"0","0","14","06","2017","2017-06"
"917",2017-06-15,"4","4","15","06","2017","2017-06"
"918",2017-06-16,"0","0","16","06","2017","2017-06"
"919",2017-06-17,"0","0","17","06","2017","2017-06"
"920",2017-06-18,"0","0","18","06","2017","2017-06"
"921",2017-06-19,"0","0","19","06","2017","2017-06"
"922",2017-06-20,"14","8","20","06","2017","2017-06"
"923",2017-06-21,"22","5","21","06","2017","2017-06"
"924",2017-06-22,"0","0","22","06","2017","2017-06"
"925",2017-06-23,"0","0","23","06","2017","2017-06"
"926",2017-06-24,"0","0","24","06","2017","2017-06"
"927",2017-06-25,"1","1","25","06","2017","2017-06"
"928",2017-06-26,"8","4","26","06","2017","2017-06"
"929",2017-06-27,"0","0","27","06","2017","2017-06"
"930",2017-06-28,"0","0","28","06","2017","2017-06"
"931",2017-06-29,"0","0","29","06","2017","2017-06"
"932",2017-06-30,"0","0","30","06","2017","2017-06"
"933",2017-07-01,"0","0","01","07","2017","2017-07"
"934",2017-07-02,"0","0","02","07","2017","2017-07"
"935",2017-07-03,"0","0","03","07","2017","2017-07"
"936",2017-07-04,"1","1","04","07","2017","2017-07"
"937",2017-07-05,"5","4","05","07","2017","2017-07"
"938",2017-07-06,"0","0","06","07","2017","2017-07"
"939",2017-07-07,"0","0","07","07","2017","2017-07"
"940",2017-07-08,"3","3","08","07","2017","2017-07"
"941",2017-07-09,"3","3","09","07","2017","2017-07"
"942",2017-07-10,"10","5","10","07","2017","2017-07"
"943",2017-07-11,"10","5","11","07","2017","2017-07"
"944",2017-07-12,"7","5","12","07","2017","2017-07"
"945",2017-07-13,"9","4","13","07","2017","2017-07"
"946",2017-07-14,"5","3","14","07","2017","2017-07"
"947",2017-07-15,"0","0","15","07","2017","2017-07"
"948",2017-07-16,"0","0","16","07","2017","2017-07"
"949",2017-07-17,"0","0","17","07","2017","2017-07"
"950",2017-07-18,"0","0","18","07","2017","2017-07"
"951",2017-07-19,"2","2","19","07","2017","2017-07"
"952",2017-07-20,"20","11","20","07","2017","2017-07"
"953",2017-07-21,"0","0","21","07","2017","2017-07"
"954",2017-07-22,"5","4","22","07","2017","2017-07"
"955",2017-07-23,"0","0","23","07","2017","2017-07"
"956",2017-07-24,"0","0","24","07","2017","2017-07"
"957",2017-07-25,"0","0","25","07","2017","2017-07"
"958",2017-07-26,"0","0","26","07","2017","2017-07"
"959",2017-07-27,"0","0","27","07","2017","2017-07"
"960",2017-07-28,"0","0","28","07","2017","2017-07"
"961",2017-07-29,"3","2","29","07","2017","2017-07"
"962",2017-07-30,"13","8","30","07","2017","2017-07"
"963",2017-07-31,"0","0","31","07","2017","2017-07"
"964",2017-08-01,"0","0","01","08","2017","2017-08"
"965",2017-08-02,"0","0","02","08","2017","2017-08"
"966",2017-08-03,"0","0","03","08","2017","2017-08"
"967",2017-08-04,"0","0","04","08","2017","2017-08"
"968",2017-08-05,"0","0","05","08","2017","2017-08"
"969",2017-08-06,"0","0","06","08","2017","2017-08"
"970",2017-08-07,"0","0","07","08","2017","2017-08"
"971",2017-08-08,"0","0","08","08","2017","2017-08"
"972",2017-08-09,"0","0","09","08","2017","2017-08"
"973",2017-08-10,"0","0","10","08","2017","2017-08"
"974",2017-08-11,"0","0","11","08","2017","2017-08"
"975",2017-08-12,"0","0","12","08","2017","2017-08"
"976",2017-08-13,"0","0","13","08","2017","2017-08"
"977",2017-08-14,"0","0","14","08","2017","2017-08"
"978",2017-08-15,"0","0","15","08","2017","2017-08"
"979",2017-08-16,"6","5","16","08","2017","2017-08"
"980",2017-08-17,"30","8","17","08","2017","2017-08"
"981",2017-08-18,"3","2","18","08","2017","2017-08"
"982",2017-08-19,"0","0","19","08","2017","2017-08"
"983",2017-08-20,"0","0","20","08","2017","2017-08"
"984",2017-08-21,"6","4","21","08","2017","2017-08"
"985",2017-08-22,"6","4","22","08","2017","2017-08"
"986",2017-08-23,"0","0","23","08","2017","2017-08"
"987",2017-08-24,"0","0","24","08","2017","2017-08"
"988",2017-08-25,"0","0","25","08","2017","2017-08"
"989",2017-08-26,"0","0","26","08","2017","2017-08"
"990",2017-08-27,"0","0","27","08","2017","2017-08"
"991",2017-08-28,"0","0","28","08","2017","2017-08"
"992",2017-08-29,"0","0","29","08","2017","2017-08"
"993",2017-08-30,"15","5","30","08","2017","2017-08"
"994",2017-08-31,"0","0","31","08","2017","2017-08"
"995",2017-09-01,"0","0","01","09","2017","2017-09"
"996",2017-09-02,"0","0","02","09","2017","2017-09"
"997",2017-09-03,"0","0","03","09","2017","2017-09"
"998",2017-09-04,"0","0","04","09","2017","2017-09"
"999",2017-09-05,"0","0","05","09","2017","2017-09"
"1000",2017-09-06,"0","0","06","09","2017","2017-09"
"1001",2017-09-07,"1","1","07","09","2017","2017-09"
"1002",2017-09-08,"0","0","08","09","2017","2017-09"
"1003",2017-09-09,"0","0","09","09","2017","2017-09"
"1004",2017-09-10,"0","0","10","09","2017","2017-09"
"1005",2017-09-11,"0","0","11","09","2017","2017-09"
"1006",2017-09-12,"0","0","12","09","2017","2017-09"
"1007",2017-09-13,"5","4","13","09","2017","2017-09"
"1008",2017-09-14,"7","5","14","09","2017","2017-09"
"1009",2017-09-15,"0","0","15","09","2017","2017-09"
"1010",2017-09-16,"0","0","16","09","2017","2017-09"
"1011",2017-09-17,"0","0","17","09","2017","2017-09"
"1012",2017-09-18,"0","0","18","09","2017","2017-09"
"1013",2017-09-19,"0","0","19","09","2017","2017-09"
"1014",2017-09-20,"0","0","20","09","2017","2017-09"
"1015",2017-09-21,"0","0","21","09","2017","2017-09"
"1016",2017-09-22,"0","0","22","09","2017","2017-09"
"1017",2017-09-23,"0","0","23","09","2017","2017-09"
"1018",2017-09-24,"7","4","24","09","2017","2017-09"
"1019",2017-09-25,"16","6","25","09","2017","2017-09"
"1020",2017-09-26,"0","0","26","09","2017","2017-09"
"1021",2017-09-27,"0","0","27","09","2017","2017-09"
"1022",2017-09-28,"0","0","28","09","2017","2017-09"
"1023",2017-09-29,"0","0","29","09","2017","2017-09"
"1024",2017-09-30,"0","0","30","09","2017","2017-09"
"1025",2017-10-01,"0","0","01","10","2017","2017-10"
"1026",2017-10-02,"0","0","02","10","2017","2017-10"
"1027",2017-10-03,"3","3","03","10","2017","2017-10"
"1028",2017-10-04,"5","5","04","10","2017","2017-10"
"1029",2017-10-05,"0","0","05","10","2017","2017-10"
"1030",2017-10-06,"0","0","06","10","2017","2017-10"
"1031",2017-10-07,"0","0","07","10","2017","2017-10"
"1032",2017-10-08,"0","0","08","10","2017","2017-10"
"1033",2017-10-09,"0","0","09","10","2017","2017-10"
"1034",2017-10-10,"10","5","10","10","2017","2017-10"
"1035",2017-10-11,"10","5","11","10","2017","2017-10"
"1036",2017-10-12,"0","0","12","10","2017","2017-10"
"1037",2017-10-13,"0","0","13","10","2017","2017-10"
"1038",2017-10-14,"0","0","14","10","2017","2017-10"
"1039",2017-10-15,"0","0","15","10","2017","2017-10"
"1040",2017-10-16,"0","0","16","10","2017","2017-10"
"1041",2017-10-17,"0","0","17","10","2017","2017-10"
"1042",2017-10-18,"7","2","18","10","2017","2017-10"
"1043",2017-10-19,"4","1","19","10","2017","2017-10"
"1044",2017-10-20,"3","2","20","10","2017","2017-10"
"1045",2017-10-21,"0","0","21","10","2017","2017-10"
"1046",2017-10-22,"0","0","22","10","2017","2017-10"
"1047",2017-10-23,"0","0","23","10","2017","2017-10"
"1048",2017-10-24,"0","0","24","10","2017","2017-10"
"1049",2017-10-25,"0","0","25","10","2017","2017-10"
"1050",2017-10-26,"0","0","26","10","2017","2017-10"
"1051",2017-10-27,"0","0","27","10","2017","2017-10"
"1052",2017-10-28,"0","0","28","10","2017","2017-10"
"1053",2017-10-29,"0","0","29","10","2017","2017-10"
"1054",2017-10-30,"0","0","30","10","2017","2017-10"
"1055",2017-10-31,"0","0","31","10","2017","2017-10"
"1056",2017-11-01,"0","0","01","11","2017","2017-11"
"1057",2017-11-02,"0","0","02","11","2017","2017-11"
"1058",2017-11-03,"3","3","03","11","2017","2017-11"
"1059",2017-11-04,"3","3","04","11","2017","2017-11"
"1060",2017-11-05,"0","0","05","11","2017","2017-11"
"1061",2017-11-06,"0","0","06","11","2017","2017-11"
"1062",2017-11-07,"0","0","07","11","2017","2017-11"
"1063",2017-11-08,"0","0","08","11","2017","2017-11"
"1064",2017-11-09,"3","2","09","11","2017","2017-11"
"1065",2017-11-10,"0","0","10","11","2017","2017-11"
"1066",2017-11-11,"0","0","11","11","2017","2017-11"
"1067",2017-11-12,"0","0","12","11","2017","2017-11"
"1068",2017-11-13,"0","0","13","11","2017","2017-11"
"1069",2017-11-14,"0","0","14","11","2017","2017-11"
"1070",2017-11-15,"0","0","15","11","2017","2017-11"
"1071",2017-11-16,"0","0","16","11","2017","2017-11"
"1072",2017-11-17,"0","0","17","11","2017","2017-11"
"1073",2017-11-18,"0","0","18","11","2017","2017-11"
"1074",2017-11-19,"0","0","19","11","2017","2017-11"
"1075",2017-11-20,"0","0","20","11","2017","2017-11"
"1076",2017-11-21,"0","0","21","11","2017","2017-11"
"1077",2017-11-22,"0","0","22","11","2017","2017-11"
"1078",2017-11-23,"0","0","23","11","2017","2017-11"
"1079",2017-11-24,"0","0","24","11","2017","2017-11"
"1080",2017-11-25,"9","5","25","11","2017","2017-11"
"1081",2017-11-26,"5","2","26","11","2017","2017-11"
"1082",2017-11-27,"0","0","27","11","2017","2017-11"
"1083",2017-11-28,"0","0","28","11","2017","2017-11"
"1084",2017-11-29,"0","0","29","11","2017","2017-11"
"1085",2017-11-30,"0","0","30","11","2017","2017-11"
"1086",2017-12-01,"9","2","01","12","2017","2017-12"
"1087",2017-12-02,"7","2","02","12","2017","2017-12"
"1088",2017-12-03,"0","0","03","12","2017","2017-12"
"1089",2017-12-04,"0","0","04","12","2017","2017-12"
"1090",2017-12-05,"0","0","05","12","2017","2017-12"
"1091",2017-12-06,"0","0","06","12","2017","2017-12"
"1092",2017-12-07,"0","0","07","12","2017","2017-12"
"1093",2017-12-08,"0","0","08","12","2017","2017-12"
"1094",2017-12-09,"0","0","09","12","2017","2017-12"
"1095",2017-12-10,"0","0","10","12","2017","2017-12"
"1096",2017-12-11,"0","0","11","12","2017","2017-12"
"1097",2017-12-12,"0","0","12","12","2017","2017-12"
"1098",2017-12-13,"0","0","13","12","2017","2017-12"
"1099",2017-12-14,"0","0","14","12","2017","2017-12"
"1100",2017-12-15,"0","0","15","12","2017","2017-12"
"1101",2017-12-16,"0","0","16","12","2017","2017-12"
"1102",2017-12-17,"0","0","17","12","2017","2017-12"
"1103",2017-12-18,"0","0","18","12","2017","2017-12"
"1104",2017-12-19,"0","0","19","12","2017","2017-12"
"1105",2017-12-20,"0","0","20","12","2017","2017-12"
"1106",2017-12-21,"0","0","21","12","2017","2017-12"
"1107",2017-12-22,"0","0","22","12","2017","2017-12"
"1108",2017-12-23,"0","0","23","12","2017","2017-12"
"1109",2017-12-24,"0","0","24","12","2017","2017-12"
"1110",2017-12-25,"0","0","25","12","2017","2017-12"
"1111",2017-12-26,"0","0","26","12","2017","2017-12"
"1112",2017-12-27,"0","0","27","12","2017","2017-12"
"1113",2017-12-28,"0","0","28","12","2017","2017-12"
"1114",2017-12-29,"0","0","29","12","2017","2017-12"
"1115",2017-12-30,"0","0","30","12","2017","2017-12"
"1116",2017-12-31,"0","0","31","12","2017","2017-12"
"1117",2018-02-01,"0","0","01","02","2018","2018-02"
"1118",2018-02-02,"0","0","02","02","2018","2018-02"
"1119",2018-02-03,"0","0","03","02","2018","2018-02"
"1120",2018-02-04,"0","0","04","02","2018","2018-02"
"1121",2018-02-05,"0","0","05","02","2018","2018-02"
"1122",2018-02-06,"0","0","06","02","2018","2018-02"
"1123",2018-02-07,"0","0","07","02","2018","2018-02"
"1124",2018-02-08,"0","0","08","02","2018","2018-02"
"1125",2018-02-09,"0","0","09","02","2018","2018-02"
"1126",2018-02-10,"0","0","10","02","2018","2018-02"
"1127",2018-02-11,"0","0","11","02","2018","2018-02"
"1128",2018-02-12,"0","0","12","02","2018","2018-02"
"1129",2018-02-13,"0","0","13","02","2018","2018-02"
"1130",2018-02-14,"0","0","14","02","2018","2018-02"
"1131",2018-02-15,"0","0","15","02","2018","2018-02"
"1132",2018-02-16,"0","0","16","02","2018","2018-02"
"1133",2018-02-17,"0","0","17","02","2018","2018-02"
"1134",2018-02-18,"0","0","18","02","2018","2018-02"
"1135",2018-02-19,"0","0","19","02","2018","2018-02"
"1136",2018-02-20,"0","0","20","02","2018","2018-02"
"1137",2018-02-21,"0","0","21","02","2018","2018-02"
"1138",2018-02-22,"0","0","22","02","2018","2018-02"
"1139",2018-02-23,"0","0","23","02","2018","2018-02"
"1140",2018-02-24,"0","0","24","02","2018","2018-02"
"1141",2018-02-25,"0","0","25","02","2018","2018-02"
"1142",2018-02-26,"0","0","26","02","2018","2018-02"
"1143",2018-02-27,"0","0","27","02","2018","2018-02"
"1144",2018-02-28,"0","0","28","02","2018","2018-02"
"1145",2018-03-01,"0","0","01","03","2018","2018-03"
"1146",2018-03-02,"0","0","02","03","2018","2018-03"
"1147",2018-03-03,"0","0","03","03","2018","2018-03"
"1148",2018-03-04,"0","0","04","03","2018","2018-03"
"1149",2018-03-05,"0","0","05","03","2018","2018-03"
"1150",2018-03-06,"0","0","06","03","2018","2018-03"
"1151",2018-03-07,"0","0","07","03","2018","2018-03"
"1152",2018-03-08,"0","0","08","03","2018","2018-03"
"1153",2018-03-09,"0","0","09","03","2018","2018-03"
"1154",2018-03-10,"0","0","10","03","2018","2018-03"
"1155",2018-03-11,"0","0","11","03","2018","2018-03"
"1156",2018-03-12,"0","0","12","03","2018","2018-03"
"1157",2018-03-13,"0","0","13","03","2018","2018-03"
"1158",2018-03-14,"0","0","14","03","2018","2018-03"
"1159",2018-03-15,"0","0","15","03","2018","2018-03"
"1160",2018-03-16,"0","0","16","03","2018","2018-03"
"1161",2018-03-17,"0","0","17","03","2018","2018-03"
"1162",2018-03-18,"0","0","18","03","2018","2018-03"
"1163",2018-03-19,"0","0","19","03","2018","2018-03"
"1164",2018-03-20,"0","0","20","03","2018","2018-03"
"1165",2018-03-21,"0","0","21","03","2018","2018-03"
"1166",2018-03-22,"0","0","22","03","2018","2018-03"
"1167",2018-03-23,"0","0","23","03","2018","2018-03"
"1168",2018-03-24,"0","0","24","03","2018","2018-03"
"1169",2018-03-25,"0","0","25","03","2018","2018-03"
"1170",2018-03-26,"22","7","26","03","2018","2018-03"
"1171",2018-03-27,"35","7","27","03","2018","2018-03"
"1172",2018-03-28,"26","6","28","03","2018","2018-03"
"1173",2018-03-29,"15","6","29","03","2018","2018-03"
"1174",2018-03-30,"30","8","30","03","2018","2018-03"
"1175",2018-03-31,"45","11","31","03","2018","2018-03"
"1176",2018-04-01,"56","9","01","04","2018","2018-04"
"1177",2018-04-02,"26","9","02","04","2018","2018-04"
"1178",2018-04-03,"23","7","03","04","2018","2018-04"
"1179",2018-04-04,"23","4","04","04","2018","2018-04"
"1180",2018-04-05,"29","10","05","04","2018","2018-04"
"1181",2018-04-06,"12","4","06","04","2018","2018-04"
"1182",2018-04-07,"1","1","07","04","2018","2018-04"
"1183",2018-04-08,"1","1","08","04","2018","2018-04"
"1184",2018-04-09,"0","0","09","04","2018","2018-04"
"1185",2018-04-10,"10","3","10","04","2018","2018-04"
"1186",2018-04-11,"0","0","11","04","2018","2018-04"
"1187",2018-04-12,"4","4","12","04","2018","2018-04"
"1188",2018-04-13,"0","0","13","04","2018","2018-04"
"1189",2018-04-14,"0","0","14","04","2018","2018-04"
"1190",2018-04-15,"36","13","15","04","2018","2018-04"
"1191",2018-04-16,"66","14","16","04","2018","2018-04"
"1192",2018-04-17,"20","7","17","04","2018","2018-04"
"1193",2018-04-18,"5","4","18","04","2018","2018-04"
"1194",2018-04-19,"13","7","19","04","2018","2018-04"
"1195",2018-04-20,"35","6","20","04","2018","2018-04"
"1196",2018-04-21,"29","7","21","04","2018","2018-04"
"1197",2018-04-22,"31","6","22","04","2018","2018-04"
"1198",2018-04-23,"37","8","23","04","2018","2018-04"
"1199",2018-04-24,"21","10","24","04","2018","2018-04"
"1200",2018-04-25,"52","10","25","04","2018","2018-04"
"1201",2018-04-26,"4","3","26","04","2018","2018-04"
"1202",2018-04-27,"0","0","27","04","2018","2018-04"
"1203",2018-04-28,"0","0","28","04","2018","2018-04"
"1204",2018-04-29,"0","0","29","04","2018","2018-04"
"1205",2018-04-30,"0","0","30","04","2018","2018-04"
"1206",2018-05-01,"0","0","01","05","2018","2018-05"
"1207",2018-05-02,"0","0","02","05","2018","2018-05"
"1208",2018-05-03,"0","0","03","05","2018","2018-05"
"1209",2018-05-04,"0","0","04","05","2018","2018-05"
"1210",2018-05-05,"0","0","05","05","2018","2018-05"
"1211",2018-05-06,"0","0","06","05","2018","2018-05"
"1212",2018-05-07,"5","3","07","05","2018","2018-05"
"1213",2018-05-08,"0","0","08","05","2018","2018-05"
"1214",2018-05-09,"0","0","09","05","2018","2018-05"
"1215",2018-05-10,"0","0","10","05","2018","2018-05"
"1216",2018-05-11,"0","0","11","05","2018","2018-05"
"1217",2018-05-12,"7","4","12","05","2018","2018-05"
"1218",2018-05-13,"9","6","13","05","2018","2018-05"
"1219",2018-05-14,"22","7","14","05","2018","2018-05"
"1220",2018-05-15,"0","0","15","05","2018","2018-05"
"1221",2018-05-16,"0","0","16","05","2018","2018-05"
"1222",2018-05-17,"0","0","17","05","2018","2018-05"
"1223",2018-05-18,"0","0","18","05","2018","2018-05"
"1224",2018-05-19,"0","0","19","05","2018","2018-05"
"1225",2018-05-20,"0","0","20","05","2018","2018-05"
"1226",2018-05-21,"0","0","21","05","2018","2018-05"
"1227",2018-05-22,"0","0","22","05","2018","2018-05"
"1228",2018-05-23,"0","0","23","05","2018","2018-05"
"1229",2018-05-24,"0","0","24","05","2018","2018-05"
"1230",2018-05-25,"0","0","25","05","2018","2018-05"
"1231",2018-05-26,"18","5","26","05","2018","2018-05"
"1232",2018-05-27,"8","5","27","05","2018","2018-05"
"1233",2018-05-28,"13","7","28","05","2018","2018-05"
"1234",2018-05-29,"12","3","29","05","2018","2018-05"
"1235",2018-05-30,"6","3","30","05","2018","2018-05"
"1236",2018-05-31,"31","11","31","05","2018","2018-05"
"1237",2018-06-01,"25","5","01","06","2018","2018-06"
"1238",2018-06-02,"12","5","02","06","2018","2018-06"
"1239",2018-06-03,"9","6","03","06","2018","2018-06"
"1240",2018-06-04,"13","4","04","06","2018","2018-06"
"1241",2018-06-05,"9","4","05","06","2018","2018-06"
"1242",2018-06-06,"8","6","06","06","2018","2018-06"
"1243",2018-06-07,"13","6","07","06","2018","2018-06"
"1244",2018-06-08,"32","5","08","06","2018","2018-06"
"1245",2018-06-09,"15","5","09","06","2018","2018-06"
"1246",2018-06-10,"10","5","10","06","2018","2018-06"
"1247",2018-06-11,"18","4","11","06","2018","2018-06"
"1248",2018-06-12,"8","4","12","06","2018","2018-06"
"1249",2018-06-13,"5","2","13","06","2018","2018-06"
"1250",2018-06-14,"16","8","14","06","2018","2018-06"
"1251",2018-06-15,"23","6","15","06","2018","2018-06"
"1252",2018-06-16,"18","5","16","06","2018","2018-06"
"1253",2018-06-17,"22","6","17","06","2018","2018-06"
"1254",2018-06-18,"36","8","18","06","2018","2018-06"
"1255",2018-06-19,"42","10","19","06","2018","2018-06"
"1256",2018-06-20,"33","9","20","06","2018","2018-06"
"1257",2018-06-21,"4","4","21","06","2018","2018-06"
"1258",2018-06-22,"0","0","22","06","2018","2018-06"
"1259",2018-06-23,"0","0","23","06","2018","2018-06"
"1260",2018-06-24,"0","0","24","06","2018","2018-06"
"1261",2018-06-25,"0","0","25","06","2018","2018-06"
"1262",2018-06-26,"0","0","26","06","2018","2018-06"
"1263",2018-06-27,"0","0","27","06","2018","2018-06"
"1264",2018-06-28,"0","0","28","06","2018","2018-06"
"1265",2018-06-29,"0","0","29","06","2018","2018-06"
"1266",2018-06-30,"0","0","30","06","2018","2018-06"
"1267",2018-08-01,"0","0","01","08","2018","2018-08"
"1268",2018-08-02,"0","0","02","08","2018","2018-08"
"1269",2018-08-03,"0","0","03","08","2018","2018-08"
"1270",2018-08-04,"0","0","04","08","2018","2018-08"
"1271",2018-08-05,"0","0","05","08","2018","2018-08"
"1272",2018-08-06,"0","0","06","08","2018","2018-08"
"1273",2018-08-07,"0","0","07","08","2018","2018-08"
"1274",2018-08-08,"0","0","08","08","2018","2018-08"
"1275",2018-08-09,"0","0","09","08","2018","2018-08"
"1276",2018-08-10,"0","0","10","08","2018","2018-08"
"1277",2018-08-11,"0","0","11","08","2018","2018-08"
"1278",2018-08-12,"0","0","12","08","2018","2018-08"
"1279",2018-08-13,"0","0","13","08","2018","2018-08"
"1280",2018-08-14,"0","0","14","08","2018","2018-08"
"1281",2018-08-15,"0","0","15","08","2018","2018-08"
"1282",2018-08-16,"0","0","16","08","2018","2018-08"
"1283",2018-08-17,"0","0","17","08","2018","2018-08"
"1284",2018-08-18,"0","0","18","08","2018","2018-08"
"1285",2018-08-19,"0","0","19","08","2018","2018-08"
"1286",2018-08-20,"0","0","20","08","2018","2018-08"
"1287",2018-08-21,"0","0","21","08","2018","2018-08"
"1288",2018-08-22,"0","0","22","08","2018","2018-08"
"1289",2018-08-23,"0","0","23","08","2018","2018-08"
"1290",2018-08-24,"0","0","24","08","2018","2018-08"
"1291",2018-08-25,"0","0","25","08","2018","2018-08"
"1292",2018-08-26,"0","0","26","08","2018","2018-08"
"1293",2018-08-27,"0","0","27","08","2018","2018-08"
"1294",2018-08-28,"0","0","28","08","2018","2018-08"
"1295",2018-08-29,"6","5","29","08","2018","2018-08"
"1296",2018-08-30,"27","14","30","08","2018","2018-08"
"1297",2018-08-31,"18","7","31","08","2018","2018-08"
"1298",2018-09-01,"2","2","01","09","2018","2018-09"
"1299",2018-09-02,"1","1","02","09","2018","2018-09"
"1300",2018-09-03,"0","0","03","09","2018","2018-09"
"1301",2018-09-04,"0","0","04","09","2018","2018-09"
"1302",2018-09-05,"0","0","05","09","2018","2018-09"
"1303",2018-09-06,"0","0","06","09","2018","2018-09"
"1304",2018-09-07,"0","0","07","09","2018","2018-09"
"1305",2018-09-08,"0","0","08","09","2018","2018-09"
"1306",2018-09-09,"0","0","09","09","2018","2018-09"
"1307",2018-09-10,"0","0","10","09","2018","2018-09"
"1308",2018-09-11,"0","0","11","09","2018","2018-09"
"1309",2018-09-12,"0","0","12","09","2018","2018-09"
"1310",2018-09-13,"0","0","13","09","2018","2018-09"
"1311",2018-09-14,"0","0","14","09","2018","2018-09"
"1312",2018-09-15,"0","0","15","09","2018","2018-09"
"1313",2018-09-16,"0","0","16","09","2018","2018-09"
"1314",2018-09-17,"0","0","17","09","2018","2018-09"
"1315",2018-09-18,"4","4","18","09","2018","2018-09"
"1316",2018-09-19,"0","0","19","09","2018","2018-09"
"1317",2018-09-20,"0","0","20","09","2018","2018-09"
"1318",2018-09-21,"0","0","21","09","2018","2018-09"
"1319",2018-09-22,"0","0","22","09","2018","2018-09"
"1320",2018-09-23,"11","7","23","09","2018","2018-09"
"1321",2018-09-24,"12","7","24","09","2018","2018-09"
"1322",2018-09-25,"2","2","25","09","2018","2018-09"
"1323",2018-09-26,"0","0","26","09","2018","2018-09"
"1324",2018-09-27,"0","0","27","09","2018","2018-09"
"1325",2018-09-28,"0","0","28","09","2018","2018-09"
"1326",2018-09-29,"0","0","29","09","2018","2018-09"
"1327",2018-09-30,"0","0","30","09","2018","2018-09"
"1328",2018-10-01,"3","3","01","10","2018","2018-10"
"1329",2018-10-02,"9","8","02","10","2018","2018-10"
"1330",2018-10-03,"0","0","03","10","2018","2018-10"
"1331",2018-10-04,"4","2","04","10","2018","2018-10"
"1332",2018-10-05,"0","0","05","10","2018","2018-10"
"1333",2018-10-06,"0","0","06","10","2018","2018-10"
"1334",2018-10-07,"0","0","07","10","2018","2018-10"
"1335",2018-10-08,"0","0","08","10","2018","2018-10"
"1336",2018-10-09,"0","0","09","10","2018","2018-10"
"1337",2018-10-10,"12","6","10","10","2018","2018-10"
"1338",2018-10-11,"2","1","11","10","2018","2018-10"
"1339",2018-10-12,"0","0","12","10","2018","2018-10"
"1340",2018-10-13,"0","0","13","10","2018","2018-10"
"1341",2018-10-14,"0","0","14","10","2018","2018-10"
"1342",2018-10-15,"0","0","15","10","2018","2018-10"
"1343",2018-10-16,"0","0","16","10","2018","2018-10"
"1344",2018-10-17,"0","0","17","10","2018","2018-10"
"1345",2018-10-18,"0","0","18","10","2018","2018-10"
"1346",2018-10-19,"0","0","19","10","2018","2018-10"
"1347",2018-10-20,"0","0","20","10","2018","2018-10"
"1348",2018-10-21,"0","0","21","10","2018","2018-10"
"1349",2018-10-22,"0","0","22","10","2018","2018-10"
"1350",2018-10-23,"0","0","23","10","2018","2018-10"
"1351",2018-10-24,"0","0","24","10","2018","2018-10"
"1352",2018-10-25,"0","0","25","10","2018","2018-10"
"1353",2018-10-26,"0","0","26","10","2018","2018-10"
"1354",2018-10-27,"0","0","27","10","2018","2018-10"
"1355",2018-10-28,"0","0","28","10","2018","2018-10"
"1356",2018-10-29,"1","1","29","10","2018","2018-10"
"1357",2018-10-30,"0","0","30","10","2018","2018-10"
"1358",2018-10-31,"0","0","31","10","2018","2018-10"
"1359",2018-11-01,"0","0","01","11","2018","2018-11"
"1360",2018-11-02,"20","7","02","11","2018","2018-11"
"1361",2018-11-03,"0","0","03","11","2018","2018-11"
"1362",2018-11-04,"0","0","04","11","2018","2018-11"
"1363",2018-11-05,"0","0","05","11","2018","2018-11"
"1364",2018-11-06,"0","0","06","11","2018","2018-11"
"1365",2018-11-07,"0","0","07","11","2018","2018-11"
"1366",2018-11-08,"0","0","08","11","2018","2018-11"
"1367",2018-11-09,"0","0","09","11","2018","2018-11"
"1368",2018-11-10,"0","0","10","11","2018","2018-11"
"1369",2018-11-11,"0","0","11","11","2018","2018-11"
"1370",2018-11-12,"0","0","12","11","2018","2018-11"
"1371",2018-11-13,"0","0","13","11","2018","2018-11"
"1372",2018-11-14,"0","0","14","11","2018","2018-11"
"1373",2018-11-15,"3","3","15","11","2018","2018-11"
"1374",2018-11-16,"24","9","16","11","2018","2018-11"
"1375",2018-11-17,"0","0","17","11","2018","2018-11"
"1376",2018-11-18,"0","0","18","11","2018","2018-11"
"1377",2018-11-19,"0","0","19","11","2018","2018-11"
"1378",2018-11-20,"0","0","20","11","2018","2018-11"
"1379",2018-11-21,"0","0","21","11","2018","2018-11"
"1380",2018-11-22,"0","0","22","11","2018","2018-11"
"1381",2018-11-23,"10","4","23","11","2018","2018-11"
"1382",2018-11-24,"16","5","24","11","2018","2018-11"
"1383",2018-11-25,"0","0","25","11","2018","2018-11"
"1384",2018-11-26,"0","0","26","11","2018","2018-11"
"1385",2018-11-27,"0","0","27","11","2018","2018-11"
"1386",2018-11-28,"0","0","28","11","2018","2018-11"
"1387",2018-11-29,"0","0","29","11","2018","2018-11"
"1388",2018-11-30,"0","0","30","11","2018","2018-11"
"1389",2018-12-01,"0","0","01","12","2018","2018-12"
"1390",2018-12-02,"0","0","02","12","2018","2018-12"
"1391",2018-12-03,"0","0","03","12","2018","2018-12"
"1392",2018-12-04,"1","1","04","12","2018","2018-12"
"1393",2018-12-05,"29","10","05","12","2018","2018-12"
"1394",2018-12-06,"0","0","06","12","2018","2018-12"
"1395",2018-12-07,"0","0","07","12","2018","2018-12"
"1396",2018-12-08,"0","0","08","12","2018","2018-12"
"1397",2018-12-09,"0","0","09","12","2018","2018-12"
"1398",2018-12-10,"0","0","10","12","2018","2018-12"
"1399",2018-12-11,"0","0","11","12","2018","2018-12"
"1400",2018-12-12,"0","0","12","12","2018","2018-12"
"1401",2018-12-13,"0","0","13","12","2018","2018-12"
"1402",2018-12-14,"0","0","14","12","2018","2018-12"
"1403",2018-12-15,"0","0","15","12","2018","2018-12"
"1404",2018-12-16,"0","0","16","12","2018","2018-12"
"1405",2018-12-17,"0","0","17","12","2018","2018-12"
"1406",2018-12-18,"8","5","18","12","2018","2018-12"
"1407",2018-12-19,"22","10","19","12","2018","2018-12"
"1408",2018-12-20,"1","1","20","12","2018","2018-12"
"1409",2018-12-21,"0","0","21","12","2018","2018-12"
"1410",2018-12-22,"0","0","22","12","2018","2018-12"
"1411",2018-12-23,"0","0","23","12","2018","2018-12"
"1412",2018-12-24,"0","0","24","12","2018","2018-12"
"1413",2018-12-25,"0","0","25","12","2018","2018-12"
"1414",2018-12-26,"0","0","26","12","2018","2018-12"
"1415",2018-12-27,"0","0","27","12","2018","2018-12"
"1416",2018-12-28,"1","1","28","12","2018","2018-12"
"1417",2018-12-29,"0","0","29","12","2018","2018-12"
"1418",2018-12-30,"0","0","30","12","2018","2018-12"
"1419",2018-12-31,"0","0","31","12","2018","2018-12"
"1420",2019-01-01,"0","0","01","01","2019","2019-01"
"1421",2019-01-02,"0","0","02","01","2019","2019-01"
"1422",2019-01-03,"0","0","03","01","2019","2019-01"
"1423",2019-01-04,"0","0","04","01","2019","2019-01"
"1424",2019-01-05,"0","0","05","01","2019","2019-01"
"1425",2019-01-06,"0","0","06","01","2019","2019-01"
"1426",2019-01-07,"0","0","07","01","2019","2019-01"
"1427",2019-01-08,"0","0","08","01","2019","2019-01"
"1428",2019-01-09,"0","0","09","01","2019","2019-01"
"1429",2019-01-10,"0","0","10","01","2019","2019-01"
"1430",2019-01-11,"0","0","11","01","2019","2019-01"
"1431",2019-01-12,"0","0","12","01","2019","2019-01"
"1432",2019-01-13,"0","0","13","01","2019","2019-01"
"1433",2019-01-14,"0","0","14","01","2019","2019-01"
"1434",2019-01-15,"0","0","15","01","2019","2019-01"
"1435",2019-01-16,"0","0","16","01","2019","2019-01"
"1436",2019-01-17,"11","5","17","01","2019","2019-01"
"1437",2019-01-18,"0","0","18","01","2019","2019-01"
"1438",2019-01-19,"0","0","19","01","2019","2019-01"
"1439",2019-01-20,"0","0","20","01","2019","2019-01"
"1440",2019-01-21,"0","0","21","01","2019","2019-01"
"1441",2019-01-22,"0","0","22","01","2019","2019-01"
"1442",2019-01-23,"0","0","23","01","2019","2019-01"
"1443",2019-01-24,"0","0","24","01","2019","2019-01"
"1444",2019-01-25,"0","0","25","01","2019","2019-01"
"1445",2019-01-26,"0","0","26","01","2019","2019-01"
"1446",2019-01-27,"0","0","27","01","2019","2019-01"
"1447",2019-01-28,"0","0","28","01","2019","2019-01"
"1448",2019-01-29,"0","0","29","01","2019","2019-01"
"1449",2019-01-30,"0","0","30","01","2019","2019-01"
"1450",2019-01-31,"0","0","31","01","2019","2019-01"
"1451",2019-02-01,"0","0","01","02","2019","2019-02"
"1452",2019-02-02,"0","0","02","02","2019","2019-02"
"1453",2019-02-03,"0","0","03","02","2019","2019-02"
"1454",2019-02-04,"0","0","04","02","2019","2019-02"
"1455",2019-02-05,"0","0","05","02","2019","2019-02"
"1456",2019-02-06,"0","0","06","02","2019","2019-02"
"1457",2019-02-07,"0","0","07","02","2019","2019-02"
"1458",2019-02-08,"0","0","08","02","2019","2019-02"
"1459",2019-02-09,"0","0","09","02","2019","2019-02"
"1460",2019-02-10,"0","0","10","02","2019","2019-02"
"1461",2019-02-11,"0","0","11","02","2019","2019-02"
"1462",2019-02-12,"0","0","12","02","2019","2019-02"
"1463",2019-02-13,"0","0","13","02","2019","2019-02"
"1464",2019-02-14,"0","0","14","02","2019","2019-02"
"1465",2019-02-15,"0","0","15","02","2019","2019-02"
"1466",2019-02-16,"0","0","16","02","2019","2019-02"
"1467",2019-02-17,"0","0","17","02","2019","2019-02"
"1468",2019-02-18,"0","0","18","02","2019","2019-02"
"1469",2019-02-19,"0","0","19","02","2019","2019-02"
"1470",2019-02-20,"0","0","20","02","2019","2019-02"
"1471",2019-02-21,"0","0","21","02","2019","2019-02"
"1472",2019-02-22,"14","4","22","02","2019","2019-02"
"1473",2019-02-23,"0","0","23","02","2019","2019-02"
"1474",2019-02-24,"0","0","24","02","2019","2019-02"
"1475",2019-02-25,"0","0","25","02","2019","2019-02"
"1476",2019-02-26,"0","0","26","02","2019","2019-02"
"1477",2019-02-27,"16","7","27","02","2019","2019-02"
"1478",2019-02-28,"0","0","28","02","2019","2019-02"
"1479",2019-03-01,"0","0","01","03","2019","2019-03"
"1480",2019-03-02,"0","0","02","03","2019","2019-03"
"1481",2019-03-03,"0","0","03","03","2019","2019-03"
"1482",2019-03-04,"3","1","04","03","2019","2019-03"
"1483",2019-03-05,"0","0","05","03","2019","2019-03"
"1484",2019-03-06,"0","0","06","03","2019","2019-03"
"1485",2019-03-07,"2","1","07","03","2019","2019-03"
"1486",2019-03-08,"2","1","08","03","2019","2019-03"
"1487",2019-03-09,"18","7","09","03","2019","2019-03"
"1488",2019-03-10,"35","6","10","03","2019","2019-03"
"1489",2019-03-11,"40","10","11","03","2019","2019-03"
"1490",2019-03-12,"20","7","12","03","2019","2019-03"
"1491",2019-03-13,"0","0","13","03","2019","2019-03"
"1492",2019-03-14,"0","0","14","03","2019","2019-03"
"1493",2019-03-15,"0","0","15","03","2019","2019-03"
"1494",2019-03-16,"0","0","16","03","2019","2019-03"
"1495",2019-03-17,"0","0","17","03","2019","2019-03"
"1496",2019-03-18,"0","0","18","03","2019","2019-03"
"1497",2019-03-19,"0","0","19","03","2019","2019-03"
"1498",2019-03-20,"0","0","20","03","2019","2019-03"
"1499",2019-03-21,"0","0","21","03","2019","2019-03"
"1500",2019-03-22,"0","0","22","03","2019","2019-03"
"1501",2019-03-23,"0","0","23","03","2019","2019-03"
"1502",2019-03-24,"0","0","24","03","2019","2019-03"
"1503",2019-03-25,"0","0","25","03","2019","2019-03"
"1504",2019-03-26,"0","0","26","03","2019","2019-03"
"1505",2019-03-27,"0","0","27","03","2019","2019-03"
"1506",2019-03-28,"0","0","28","03","2019","2019-03"
"1507",2019-03-29,"0","0","29","03","2019","2019-03"
"1508",2019-03-30,"0","0","30","03","2019","2019-03"
"1509",2019-03-31,"0","0","31","03","2019","2019-03"
"1510",2019-04-01,"0","0","01","04","2019","2019-04"
"1511",2019-04-02,"0","0","02","04","2019","2019-04"
"1512",2019-04-03,"0","0","03","04","2019","2019-04"
"1513",2019-04-04,"0","0","04","04","2019","2019-04"
"1514",2019-04-05,"0","0","05","04","2019","2019-04"
"1515",2019-04-06,"0","0","06","04","2019","2019-04"
"1516",2019-04-07,"0","0","07","04","2019","2019-04"
"1517",2019-04-08,"0","0","08","04","2019","2019-04"
"1518",2019-04-09,"0","0","09","04","2019","2019-04"
"1519",2019-04-10,"0","0","10","04","2019","2019-04"
"1520",2019-04-11,"0","0","11","04","2019","2019-04"
"1521",2019-04-12,"0","0","12","04","2019","2019-04"
"1522",2019-04-13,"0","0","13","04","2019","2019-04"
"1523",2019-04-14,"0","0","14","04","2019","2019-04"
"1524",2019-04-15,"0","0","15","04","2019","2019-04"
"1525",2019-04-16,"0","0","16","04","2019","2019-04"
"1526",2019-04-17,"0","0","17","04","2019","2019-04"
"1527",2019-04-18,"0","0","18","04","2019","2019-04"
"1528",2019-04-19,"0","0","19","04","2019","2019-04"
"1529",2019-04-20,"0","0","20","04","2019","2019-04"
"1530",2019-04-21,"0","0","21","04","2019","2019-04"
"1531",2019-04-22,"0","0","22","04","2019","2019-04"
"1532",2019-04-23,"0","0","23","04","2019","2019-04"
"1533",2019-04-24,"0","0","24","04","2019","2019-04"
"1534",2019-04-25,"0","0","25","04","2019","2019-04"
"1535",2019-04-26,"0","0","26","04","2019","2019-04"
